Date,48Sector,54Sector,Merged
2022-01-04,-0.007458756022036906,-0.0033407638976075526,-0.004713427939084003
2022-01-05,0.01928605180742955,0.01870288345553732,0.018897272906168064
2022-01-06,0.009947652702891841,0.005345298316903455,0.00687941644556625
2022-01-07,-0.007366837387903719,-0.003333646725168814,-0.004678043612747116
2022-01-11,0.0020162621341519916,0.014971650884051859,0.01065318796741857
2022-01-12,0.0075971165833075135,0.0006314722328348904,0.002953353682992431
2022-01-13,0.027016573483548585,0.022854804013753092,0.024242060503684923
2022-01-14,0.006392491367137906,-0.0014093814250884303,0.0011912428389870152
2022-01-17,0.0019892934726945368,0.005184004174080785,0.004119100606952035
2022-01-18,-0.008133415371314009,-0.007172851921289141,-0.007493039737964097
2022-01-19,0.009265557764277578,0.0038101570730823472,0.005628623970147424
2022-01-20,0.003738537142528768,0.00031136514925746194,0.0014537558136812304
2022-01-21,0.0078648884210145,0.004055307941869944,0.005325168101584797
2022-01-24,0.009454040895387492,0.008167703890269506,0.008596482891975501
2022-01-25,-0.02233939165373538,-0.011830929701697886,-0.015333750352377051
2022-01-26,-0.0022690129602528017,-0.0004991154526581237,-0.0010890812885230164
2022-01-27,0.026396839386067954,0.011952343059334807,0.016767175168245857
2022-01-28,-0.00322373500877697,-0.00021175253140527954,-0.0012157466905291763
2022-01-31,-0.0064330505035562376,0.004763714610512634,0.0010314595724896767
2022-02-01,0.01617347324812914,-0.003544106333442325,0.0030284201937481633
2022-02-02,0.0040258206003783836,0.0025631177811239656,0.0030506853875421048
2022-02-03,0.00273338476379172,0.0007414275189876569,0.001405413267255678
2022-02-04,-0.014910116262447827,-0.0050089949611764484,-0.008309368728266908
2022-02-07,0.014088863936763002,-0.004803959066362848,0.0014936486013457685
2022-02-08,-0.0013455811581208426,0.004414134093129183,0.0024942290093791747
2022-02-09,0.004019950370162461,0.005691040896207149,0.00513401072085892
2022-02-10,0.0020815881796427656,0.0045131347864389715,0.003702619250840236
2022-02-14,0.00983355663820941,0.010827566157543645,0.0104962296510989
2022-02-15,-0.010749666814758925,-0.0063189257854229615,-0.007795839461868283
2022-02-16,0.0015598087069967047,0.0018719624427204415,0.0017679111974791958
2022-02-17,0.006787150730486776,-0.0018209033962957417,0.0010484479792984309
2022-02-18,0.012339210605476967,0.009344955355933798,0.010343040439114855
2022-02-21,-0.0008700189845533121,0.002155649843523672,0.0011470935674980105
2022-02-22,0.0004570501701264937,0.0021486968238551415,0.001584814605945592
2022-02-24,-0.0030721170071699704,0.006942488504686567,0.0036042866674010545
2022-02-25,0.0032849058578370794,0.012242677743958312,0.009256753781917901
2022-02-28,0.007245730125822438,0.0066652861660408125,0.006858767485968021
2022-03-01,-0.0024560057407176754,0.005870863002183846,0.0030952400878833386
2022-03-02,0.011455778761664292,0.00927115316955747,0.009999361700259744
2022-03-03,0.003677308965368682,0.010181536531809116,0.00801346067632897
2022-03-04,-0.007485723875363301,-0.00739100714097116,-0.007422579385768541
2022-03-07,0.005902932940493353,0.01381561543219903,0.01117805460163047
2022-03-08,-0.02449341338279871,-0.01968212999613166,-0.021285891125020676
2022-03-09,0.001637009633238508,0.00710456004971211,0.005282043244220908
2022-03-10,-0.012708625201934158,-0.0075422944906336055,-0.009264404727733789
2022-03-11,0.017753242005565145,0.005883293180147893,0.00983994278862031
2022-03-14,-0.007814548742050304,-0.00577293988676825,-0.006453476171862268
2022-03-15,0.008285109026377432,0.01651388207209467,0.013770957723522258
2022-03-16,-0.0017903219413510094,0.0011191176706324556,0.00014930446663796726
2022-03-17,-0.0053061212907356175,0.004557538343170107,0.0012696517985348653
2022-03-18,0.004132701299755065,0.0007083019259511904,0.0018497683838858154
2022-03-22,0.0023210232498099104,-0.0075482286992351166,-0.004258478049553441
2022-03-23,-0.006977867012115209,-0.005332463327669164,-0.005880931222484512
2022-03-24,0.006957771169976908,0.001050406318983236,0.003019527935981127
2022-03-25,0.0014802133759666694,0.00514829910924463,0.0039256038648186435
2022-03-28,0.013113138703058082,0.008385686494080332,0.009961503897072914
2022-03-29,0.002003877949233659,-0.0003117352679045792,0.0004601358044748335
2022-03-30,-0.0069624720835786665,0.003060088852272864,-0.0002807647930109794
2022-03-31,0.013755698807505837,-0.007322695588702494,-0.0002965641232997168
2022-04-01,0.002937832066663059,0.0019305933384447932,0.002266339581184215
2022-04-04,0.0031970524628888307,0.0056201418713998814,0.004812445401896198
2022-04-05,8.241791205446472e-05,0.003343505905730861,0.0022564765745053954
2022-04-06,0.003670806295527574,-0.0006057166997921733,0.0008197909653144092
2022-04-07,0.0038199060533527455,0.00246086260495074,0.0029138770877514086
2022-04-08,-0.004738691941387053,-0.0009298117151248012,-0.0021994384572122188
2022-04-11,0.01298666901850705,0.0025402563081237408,0.006022393878251511
2022-04-12,0.005876445867662164,-0.0008769817001949727,0.0013741608224240726
2022-04-13,0.0012653744315749248,-0.00048515904483242963,9.835211397002184e-05
2022-04-14,0.0012048668757820343,0.0014774168064722263,0.0013865668295754956
2022-04-15,0.011052936588523344,0.0033345118159058326,0.005907320073445003
2022-04-18,0.00930818841691343,0.0023620346530866775,0.004677419241028928
2022-04-19,0.014346040464619186,0.00862269073781072,0.010530473980080208
2022-04-20,0.0004426855472068028,0.0024137004895832016,0.0017566955087910685
2022-04-21,0.007385273322534136,0.0038702014905826368,0.0050418921012331365
2022-04-22,0.006057287530697951,-0.0001685941531220582,0.0019066997414846113
2022-04-25,0.005096472228835202,0.0028055475044307127,0.0035691890792322093
2022-04-26,0.013029458724280206,0.006797058013732147,0.008874524917248166
2022-04-27,0.008320989082045876,0.006214989869034513,0.006916989606704967
2022-04-28,0.001906227062295391,0.010092770978561994,0.007363923006473126
2022-05-02,0.0054201604161221995,-0.002169789069847437,0.00036019409214244183
2022-05-06,0.0017661388490000456,-0.0069033700961190735,-0.004013533781079367
2022-05-09,0.012189756239236597,-0.0002680515561979658,0.0038845510422802223
2022-05-10,0.013586346853035839,0.007027209396452272,0.009213588548646795
2022-05-11,0.008764671890498637,0.002437002102593412,0.0045462253652284864
2022-05-12,0.002971970964843581,-0.004626005286329224,-0.0020933465359382892
2022-05-13,-0.0015155947700142957,0.002989384747526301,0.0014877249083461023
2022-05-16,7.889085308432093e-05,-0.0004917414252004026,-0.00030153066577216146
2022-05-17,0.0029559351690045125,0.006745802901980764,0.005482513657655347
2022-05-18,0.0016414139449879045,-0.003603185849920432,-0.0018549859182843199
2022-05-19,-0.011088230936651296,-0.0037585691892261202,-0.006201789771701179
2022-05-20,0.013852961882171746,0.0024577526459441364,0.006256155724686674
2022-05-23,0.002703167824294652,0.004891283837237515,0.004161911832923228
2022-05-24,0.0030948261559240408,0.001704727421674904,0.0021680936664246163
2022-05-25,-0.007124117448583921,-0.000589774883717325,-0.0027678890720061904
2022-05-26,0.001291751064367384,-0.0026853323443522077,-0.0013596378747790106
2022-05-27,0.007245217694807781,0.009822995770160513,0.008963736411709602
2022-05-30,0.009982190976671232,-0.001870714104300875,0.0020802542560231607
2022-05-31,0.0027245007054651103,0.004924260241768523,0.004191007063000719
2022-06-01,0.005692804560224137,0.005031172737456268,0.005251716678378891
2022-06-02,0.0028228491899310857,0.007314182563865533,0.005817071439220718
2022-06-03,0.0026373054351620513,0.00046202298502492174,0.0011871171350706317
2022-06-06,-0.009959445575421534,-0.001524605855286788,-0.004336219095331703
2022-06-07,0.006174687015197194,0.007663292842325097,0.00716709089994913
2022-06-08,0.01500572454903281,-0.004906824449816696,0.0017306918831331397
2022-06-09,-0.008969944599605557,0.0037101501674793287,-0.0005165480882156331
2022-06-10,0.0010735071740098302,0.005297102422400267,0.003889237339603455
2022-06-13,0.010350367390182323,0.003908816482003916,0.006056000118063384
2022-06-14,-0.003338220623508927,-0.00047454364078867864,-0.0014291026350287614
2022-06-15,-0.002982536902525792,0.0037453503816681512,0.0015027212869368368
2022-06-16,-0.021247621557773533,-0.007803410508502672,-0.01228481419159296
2022-06-17,-0.004587827615462594,0.0022918011531627733,-1.4084363790158733e-06
2022-06-20,0.006778876619310514,0.004614770113075449,0.005336138948487138
2022-06-21,0.014184418685916956,0.00765349895685111,0.009830472199873059
2022-06-22,0.0028253231211509537,-0.000862583456268139,0.00036671873620489184
2022-06-23,0.010068574072061038,0.009904574768886282,0.009959241203277867
2022-06-24,0.011622243963643837,0.00640645869069518,0.008145053781678067
2022-06-27,-0.006658395021391498,-0.00622268492075987,-0.006367921620970413
2022-06-28,0.0011558317220603203,-0.005650786534282188,-0.003381913782168018
2022-06-29,-0.008150941376652662,-0.0065570769784714916,-0.007088365111198549
2022-06-30,0.004498147528137876,0.001298186894053972,0.002364840438748607
2022-07-01,-0.00914218931459409,0.00018977386016961594,-0.0029208805314182864
2022-07-04,0.003125945250875077,-0.00036614496957906905,0.0007978851039056463
2022-07-05,-0.007290909472346619,0.0034331700083008653,-0.00014152315191496285
2022-07-06,0.01577319783988959,0.012877962327848047,0.013843040831861895
2022-07-07,-0.0019100636140613626,-0.0015185597511939205,-0.001649061038816401
2022-07-08,0.01286800430994591,0.006386741946411638,0.008547162734256396
2022-07-11,0.0071000036666353065,0.0020027717336446437,0.0037018490446415315
2022-07-12,0.0017422856889119397,-0.00021800702318092863,0.0004354238808500275
2022-07-13,0.0013546210010884387,-0.0020198666047451523,-0.000895037402800622
2022-07-14,0.006133988307136242,0.001773316169264764,0.0032268735485552567
2022-07-15,0.001020217948919821,0.005069352784758627,0.0037196411728123587
2022-07-19,0.0011090183370713984,0.00047774224535799913,0.0006881676092624655
2022-07-20,0.002443587631149772,0.0017675442574839198,0.0019928920487058705
2022-07-21,0.003796971015648712,0.003382767549508872,0.0035208353715554855
2022-07-22,0.00579507775313602,0.002763647410513951,0.003774124191387974
2022-07-25,0.00387861490633922,0.004596497831758067,0.004357203523285118
2022-07-26,-0.0007016830464671307,-0.0020828489208992843,-0.0016224602960885667
2022-07-27,0.0001549925891416457,-0.004742188031778971,-0.0031097944914720995
2022-07-28,-0.004472699855429302,0.0008653100234028567,-0.0009140266028745296
2022-07-29,0.011562336331338624,0.010867902857076533,0.011099380681830563
2022-08-01,-0.0011606758215900069,0.005183503928393073,0.0030687773450653794
2022-08-02,0.0034500689451326815,-0.008282444495967038,-0.004371606682267132
2022-08-03,-0.0027809360187876844,-0.000966453110973782,-0.0015712807469117497
2022-08-04,-0.002341666678817059,-0.0012726218576514636,-0.0016289701313733286
2022-08-05,-0.007292708381528014,-0.0050569696380157216,-0.005802215885853152
2022-08-08,0.004830973731041122,0.009828093751522146,0.008162387078028471
2022-08-09,0.006429906816539523,0.0018146352217707357,0.0033530590866936646
2022-08-10,0.006594043012881275,0.0044031241854641835,0.00513343046126988
2022-08-12,0.0003538697258983199,-0.003691982295696812,-0.0023433649551651017
2022-08-15,0.004922889756860938,-0.0008694192316996811,0.0010613504311538587
2022-08-16,0.004570458469167744,0.004069176701237592,0.004236270623880976
2022-08-17,0.000505150712068725,0.00029008795729914866,0.00036177554222234076
2022-08-18,-0.0026917086378786233,-0.0054539143795463915,-0.004533179132323802
2022-08-19,-0.0037867615934857176,-0.002428840993765418,-0.002881481193672184
2022-08-22,0.0044793500931583664,-0.003498292057666507,-0.0008390780073915492
2022-08-23,-0.002681371671916302,7.454462050213791e-05,-0.0008440941436373421
2022-08-24,0.012428598094681036,-0.002396450811643498,0.0025452321571313467
2022-08-25,-0.002561865048995287,-0.00048095736964654716,-0.0011745932627627938
2022-08-26,0.0005926672685506659,-0.001385308111474578,-0.0007259829847994967
2022-08-29,0.0011309059463837903,0.0013655432879182414,0.001287330840740091
2022-08-30,0.0022158141927790436,-0.00470510811306167,-0.0023981340111147655
2022-08-31,0.0009102310303229482,-0.0022084444364470534,-0.0011688859475237196
2022-09-01,-0.002165437760963209,9.86584610446578e-05,-0.0006560402796246312
2022-09-02,-0.0006122695077351914,0.002193993281634736,0.00125857235184476
2022-09-05,0.0012528216031274472,0.0027869719787738867,0.0022755885202250734
2022-09-06,0.0012259585770134308,0.0048879790732076125,0.003667305574476219
2022-09-07,-0.0036058209772617525,0.0033283501934269514,0.0010169598031973834
2022-09-08,-0.0003024193963040646,0.004630212802591875,0.0029860020696265616
2022-09-09,-0.001137978563119556,0.004543404342430983,0.002649610040580803
2022-09-12,-0.008380912834417144,-0.0021783286904007745,-0.004245856738406231
2022-09-13,-0.0012112007316125231,0.004271158700650555,0.002443705556562862
2022-09-14,0.006318233591924977,0.0006809196668072715,0.0025600243085131735
2022-09-15,0.00489005074119845,0.008067972783129769,0.007008665435819329
2022-09-16,-0.012753013259843439,-0.00533293264796615,-0.007806292851925246
2022-09-20,-0.005566885391931143,-0.0028007676912380195,-0.0037228069248023943
2022-09-21,0.0029748575484899206,-0.001723854294122102,-0.00015761701325142782
2022-09-22,-0.000752501732289841,-0.00012249958389105474,-0.00033250030002398347
2022-09-26,-0.01874139340356947,0.0014553661726299685,-0.0052768870194365115
2022-09-27,-0.007119751257354909,-0.0007135130994878694,-0.002848925818776882
2022-09-28,-0.005828053364981829,0.0024476465230878217,-0.0003109201062687286
2022-09-29,0.002793407168836218,0.005071374641349113,0.004312052150511481
2022-09-30,0.0005019918464611139,-0.0017525502371935776,-0.0010010362093086803
2022-10-03,0.020332354701261726,0.015641083576655807,0.017204840618191112
2022-10-04,0.006607172565715031,0.0028804944527750062,0.004122720490421681
2022-10-05,0.00042709264166134256,-0.0014762550186218153,-0.0008418057985274293
2022-10-06,-0.0013199876026716597,0.008951493378131278,0.005527666384530298
2022-10-07,-0.001258453515001055,0.0006885583038083971,3.955436420524642e-05
2022-10-11,-0.006804299480624903,0.00011393385126826994,-0.0021921439260294546
2022-10-12,0.007443985714744796,0.0018311771950074596,0.003702113368253238
2022-10-13,-0.002506869703666343,0.0012744644544041487,1.4019735047318104e-05
2022-10-14,-0.003398425360970337,-0.004106014553626836,-0.003870151489408003
2022-10-17,-0.002330587756221078,-8.097244923531627e-05,-0.0008308442182305701
2022-10-18,-0.0014100512945821697,-0.0009651990635212151,-0.0011134831405415332
2022-10-19,0.004025240009696608,-0.0020933119666325054,-5.37946411894675e-05
2022-10-20,-0.0011357955858882737,0.00107498234702573,0.00033805636938772873
2022-10-21,-0.004162797560646455,-0.0019838292521090935,-0.0027101520216215474
2022-10-24,-0.0006362829012443966,0.0050390699636650195,0.0031472856753618807
2022-10-25,-0.006892734598097146,0.002358687880783827,-0.0007251196121764973
2022-10-26,0.006319678749278356,-0.0024923075889122836,0.0004450211904845963
2022-10-27,0.009801024109954225,-0.0031169266969504183,0.0011890569053511293
2022-10-28,0.004471427233770043,0.011830975603541037,0.009377792813617373
2022-10-31,0.006418880789543917,0.007322910035236805,0.007021566953339176
2022-11-01,0.004951306390293248,0.004256491348308905,0.004488096362303687
2022-11-02,-0.0065100330238554984,-0.0018271147119164647,-0.0033880874825628093
2022-11-04,0.007017033174513425,-0.0004566382468655526,0.0020345855602607733
2022-11-07,0.006343184774164372,0.007453634090278363,0.007083484318240366
2022-11-08,-0.0010303727213048944,-0.0010600752822140646,-0.0010501744285776745
2022-11-09,0.006503237108017388,0.002924324040023765,0.004117295062688306
2022-11-10,-0.009702784064212499,0.0018825762013956878,-0.001979210553807041
2022-11-11,0.016380926936654355,0.006061939229251542,0.009501601798385812
2022-11-14,0.006678659864094492,-0.011109090003873374,-0.005179840047884085
2022-11-15,0.012326389975221489,0.008996880924123462,0.010106717274489472
2022-11-16,0.0051564007419723015,0.003671861067054507,0.004166707625360438
2022-11-17,0.006743954613674334,0.013025387328118468,0.010931576423303757
2022-11-18,0.0024202136771659614,0.0007382281804581031,0.0012988900126940557
2022-11-21,0.00015764732966559172,-0.003045701653638226,-0.00197791865920362
2022-11-22,0.0014028492653144781,-0.0023296021411242807,-0.0010854516723113612
2022-11-24,-0.0023111688098467285,0.0015599753893672079,0.0002695939896292291
2022-11-25,-0.004450772757667449,-0.0009557967815855067,-0.002120788773612821
2022-11-28,0.008481129651554321,0.004796505172423825,0.0060247133321339906
2022-11-29,-0.006103042305970202,0.0004582085030930749,-0.0017288750999280174
2022-11-30,0.012655291678104925,0.003114831385314673,0.006294984816244757
2022-12-01,-0.002068962558456897,0.005324429994564798,0.0028599658102242327
2022-12-02,0.003216386420362049,-0.0016255452667781863,-1.156803773144123e-05
2022-12-05,0.0036262205623144896,0.005635386141682414,0.004965664281893106
2022-12-06,0.0009671833847302307,-0.003779414259549991,-0.002197215044789917
2022-12-07,-0.002803550480882796,-0.0007903201275199045,-0.0014613969119742019
2022-12-08,-0.005086788088408077,-0.0018062513607033548,-0.0028997636032715955
2022-12-09,-0.005634022069091859,-0.0023310278391443016,-0.0034320259157934875
2022-12-12,0.00022011261320867238,0.002196421300251045,0.0015376517379035875
2022-12-13,0.007176332930397103,0.0009921393615353546,0.003053537217822604
2022-12-14,-0.001226709059718169,0.0005298173305295964,-5.569146621965873e-05
2022-12-15,-0.0012404905430706719,-0.003642909024447997,-0.0028421028639888887
2022-12-16,0.001627156750885624,0.0032646852732039935,0.0027188424324312032
2022-12-19,0.0011157766998943655,0.00039439902935741215,0.0006348582528697299
2022-12-20,0.0218383198710899,-0.0007198955220881834,0.006799509608971178
2022-12-21,0.005180307536615654,0.007233195273298042,0.006548899361070579
2022-12-22,0.0017707716931003748,-0.0035579143288524094,-0.001781685654868148
2022-12-23,0.003190775214809648,0.003824790892066811,0.00361345233298109
2022-12-26,0.01122393962493749,0.006437897751770253,0.008033245042826
2022-12-27,0.0026399565044313554,0.0012097765544375183,0.001686503204435464
2022-12-28,0.003066990567889287,-0.0018953610044860235,-0.00024124381369425326
2022-12-29,0.009440736821302738,0.005248824595001062,0.006646128670434954
2022-12-30,-0.013721857736664369,-0.003118349272558438,-0.006652852093927082
2023-01-04,0.003940360346879378,0.011288872589128411,0.008839368508378733
2023-01-05,0.009474580807211582,0.002530685289014884,0.004845317128413784
2023-01-06,0.006569829486667483,-0.0021887226833666447,0.0007307947066447313
2023-01-10,-0.005125833702246476,-0.0005897006106661751,-0.0021017449745262752
2023-01-11,0.005918903172788082,0.007119451949333833,0.0067192690238185825
2023-01-12,-0.00476242938606755,0.0026940760090331216,0.00020857421066623112
2023-01-13,-0.010753617417505697,-0.0038168460954558546,-0.006129103202805801
2023-01-16,-0.007195036217096584,-0.005209532397147338,-0.0058713670037970865
2023-01-17,0.0025187020537793285,0.002704852101783021,0.0026428020857817897
2023-01-18,0.0010323654074981849,-0.000670571153943882,-0.00010292563346319301
2023-01-19,0.006972550022015132,0.005448778698745814,0.005956702473168919
2023-01-20,0.0024502160657525413,0.0014420579076717865,0.001778110627032038
2023-01-23,-0.0018867392530034768,0.0006623488791444561,-0.00018734716490485486
2023-01-24,-1.980568162952281e-05,0.002280002067579682,0.001513399484509947
2023-01-25,0.0010589627570935095,-0.00036142369337775933,0.00011203845677933029
2023-01-26,0.0006122464201900335,0.0008676782497920601,0.0007825343065913844
2023-01-27,0.0031904309431632118,0.0013597336104170066,0.0019699660546657416
2023-01-30,0.0014033772800136036,0.003102559254007699,0.0025361652626763338
2023-01-31,0.001027973817270815,-0.0025901106062861017,-0.0013840824651004627
2023-02-01,0.0006872488329295839,-0.0004331466764786432,-5.968150667590083e-05
2023-02-02,0.004414423300859572,0.0033899694357002147,0.00373145405742
2023-02-03,0.0011963038027444734,0.0016126059304958779,0.001473838554578743
2023-02-06,0.0015095930749544609,-0.0010132922619665052,-0.00017233048299284984
2023-02-07,-0.0007207113430159539,0.0028943585411052883,0.0016893352463982075
2023-02-08,-0.007355917377850579,0.001499570879564747,-0.001452258539573695
2023-02-09,-0.0011803015789371208,0.0030810625584513154,0.0016606078459885036
2023-02-10,-0.0008676238550237956,-0.0007136785121458458,-0.0007649936264384956
2023-02-13,0.0021198813107568813,-0.0016467875693650293,-0.00039123127599105913
2023-02-14,-0.00033185311197230513,-0.0014213899984501668,-0.0010582110362908797
2023-02-15,-0.004537791848076688,-0.002298475308744251,-0.0030449141551883965
2023-02-16,0.006639605926648558,0.00019325533321731207,0.002342038864361061
2023-02-17,0.011529254316854969,0.005840400076952194,0.007736684823586452
2023-02-20,0.0026743293208088058,0.001138539415718036,0.0016504693840816258
2023-02-21,0.0021219136396616,-0.002348636920954698,-0.0008584534007492652
2023-02-22,-0.0019471472507256004,-0.0011182667217373389,-0.0013945602314000929
2023-02-24,0.009075426695056312,0.008906678296734798,0.00896292776284197
2023-02-27,0.002988983044079815,-0.0002808942411427031,0.0008090648539314697
2023-02-28,-0.002614273548111663,0.006081585990909715,0.003182966144569256
2023-03-01,0.003781363076340322,0.008820635054407854,0.007140877728385343
2023-03-02,-0.003143952095529051,0.0028190614911527663,0.0008313902955921606
2023-03-03,0.006759906237931739,-0.0015274145198126384,0.0012350257327688207
2023-03-06,-0.0029766697691462787,-0.0005157965570630317,-0.0013360876277574473
2023-03-07,-0.006539688185837095,-0.004772024043026958,-0.00536124542396367
2023-03-08,0.002417563083020383,0.0065033627826640555,0.005141429549449498
2023-03-09,-0.002116640919091076,-0.01091832676794028,-0.007984431484990546
2023-03-10,-0.0018689357136856778,0.0027017748679442973,0.001178204674067639
2023-03-13,0.011884093581058248,0.0008872624700985402,0.004552872840418443
2023-03-14,0.00595222333030342,-0.001264744895571904,0.0011409111797198706
2023-03-15,0.0109419906556689,0.004390415376272117,0.006574273802737711
2023-03-16,0.011376539875149987,0.011390926521013952,0.011386130972392631
2023-03-17,-0.010260423281194092,-0.002633522333024289,-0.00517582264908089
2023-03-20,-0.008940851368793381,-0.011210654219314409,-0.010454053269140734
2023-03-22,-0.005676703104217631,-0.005361581532553696,-0.005466622056441675
2023-03-23,0.0019463363933695708,0.001545726592585501,0.0016792631928468575
2023-03-24,-0.007933410399571333,-0.0069994452840874775,-0.0073107669892487626
2023-03-27,-0.0013531699183074886,-0.0028047847212538247,-0.0023209131202717127
2023-03-28,-0.0013579270260773752,0.0015195188778532296,0.0005603702432096947
2023-03-29,0.000966658588066981,-0.0047424610334343646,-0.0028394211596005827
2023-03-30,0.011073358178802327,0.0035292775505314624,0.006043971093288417
2023-03-31,0.002595927367461189,-0.00023551412514747136,0.0007082997057220821
2023-04-03,0.00352123128640293,-0.0012546629414570858,0.0003373018011629195
2023-04-04,-0.003227859886967566,-0.0011535125716693783,-0.001844961676768774
2023-04-05,-0.008861202711561735,-0.007109732298800088,-0.0076935557697206365
2023-04-06,0.004806558903884359,0.0065809326287618285,0.0059894747204693385
2023-04-07,-0.00513640709386323,-0.0012409690946071285,-0.0025394484276924957
2023-04-10,-0.0009773223725338045,0.003507582035123635,0.0020126138992378217
2023-04-11,-0.00036337547822984416,-0.0014758228426839512,-0.001105007054532582
2023-04-12,-0.006272659486828028,0.005071391502705402,0.0012900411728609255
2023-04-13,0.0017540184559787287,-0.003271094326705725,-0.0015960567324775736
2023-04-14,0.005687822237312033,0.0033298997091081965,0.004115873885176142
2023-04-17,0.0019142024506730018,-4.856143809545241e-06,0.0006348300543513038
2023-04-18,-0.004762984197804102,-0.001560716388178705,-0.0026281389913871706
2023-04-19,0.007431440929190422,0.00035063451814195366,0.002710903321824776
2023-04-20,-0.002023163193828007,-0.0009058679132671378,-0.0012782996734540942
2023-04-21,-0.0005606603987118556,-0.002248537507206945,-0.0016859118043752485
2023-04-24,0.0028939045206791006,0.003035769374718079,0.0029884810900384193
2023-04-25,0.0044883668071744156,0.005776103700683149,0.0053468580695135715
2023-04-26,-0.004702184478395009,-0.001101313555358059,-0.0023016038630370426
2023-04-27,-0.0003228586012737709,-0.00020927756367029285,-0.00024713790953811884
2023-04-28,0.005488123855423155,-0.003721381034251829,-0.0006515460710268343
2023-05-01,-0.007300052594476621,0.0023293728348044167,-0.0008804356416225959
2023-05-02,-0.0023360453735207128,-0.0008778833500316145,-0.0013639373578613137
2023-05-08,-0.006778675189456099,0.0003652902219199746,-0.00201603158187205
2023-05-09,-0.0016810198000069365,-0.005016010860916111,-0.0039043471739463862
2023-05-10,0.011288282764794488,0.006039374998035068,0.007789010920288208
2023-05-11,0.007343050457391314,0.011187751894324851,0.009906184748680338
2023-05-12,0.010906473631309229,0.01168338438351195,0.011424414132777708
2023-05-15,0.0068975482646873075,0.00361017296627349,0.004705964732411429
2023-05-16,0.0035002530745518535,-0.001006920855543106,0.0004954704544885471
2023-05-17,0.004073034343053006,0.009974006081716592,0.008007015502162063
2023-05-18,0.005170998882476668,0.0056587421160962294,0.005496161038223042
2023-05-19,-5.937987392554134e-05,0.0011890985563866971,0.0007729390796159509
2023-05-22,0.005590981850354283,-0.001941986476528229,0.0005690029657659416
2023-05-23,0.0034914295950299167,-0.007774585710050641,-0.0040192472750237886
2023-05-24,0.00773153550814799,-0.003563734756236891,0.00020135533189140267
2023-05-25,0.0016751108191235139,0.003811145368150813,0.00309913385180838
2023-05-26,-0.00042278667821521877,0.002534265035994779,0.0015485811312581131
2023-05-29,0.006508082968844194,-0.0010897011319142133,0.0014428935683385893
2023-05-30,0.006701773414037257,0.00185639164796143,0.003471518903320039
2023-05-31,0.006394836220206743,0.006699271594250845,0.006597793136236145
2023-06-01,0.0005097669465728783,0.0017870169943436402,0.001361266978420053
2023-06-02,0.0006197369033609065,0.0008790222749963739,0.0007925938177845514
2023-06-05,0.007556652952437211,0.004744037240574387,0.005681575811195328
2023-06-06,-0.0045077995250515125,0.0005586297523526543,-0.001130180006782068
2023-06-07,0.001495421427577106,-0.001155915114829962,-0.0002721362673609393
2023-06-08,0.001751953116148005,0.005568804555187127,0.004296520742174087
2023-06-09,-0.002723071632476658,-0.0006081911930364847,-0.0013131513395165425
2023-06-12,0.003502898530228415,0.001505414588351687,0.002171242568977263
2023-06-13,-0.004011844485050656,-0.000562409648373231,-0.0017122212605990394
2023-06-14,0.015490852855106202,0.01405920754795793,0.014536422650340686
2023-06-15,-0.00501679601894807,-0.011005409743926862,-0.00900920516893393
2023-06-16,0.0042661801845784286,-0.005325199469951251,-0.0021280729184413576
2023-06-19,0.0009444560701782644,-0.0068154794530150865,-0.004228834278617303
2023-06-20,0.004137347076004351,-0.003323812592989672,-0.0008367593699916643
2023-06-21,-0.0059123153214954895,-0.0017064779994824144,-0.0031084237734867724
2023-06-22,-0.0014750570357832493,0.0004303747977567702,-0.00020476914675656962
2023-06-23,0.003478267887973349,-0.006831463652361395,-0.0033948864722498136
2023-06-26,-0.0004371421194899728,0.0018801506739056627,0.0011077197427737842
2023-06-27,0.0021232792543715543,0.0029511659687486676,0.002675203730622963
2023-06-28,-0.0025412433092852475,-0.00018664694485900002,-0.0009715123996677492
2023-06-29,0.0018961312171129163,-0.0023448491591517694,-0.0009311890337302076
2023-06-30,0.0005122562177382085,-0.0013580603708240211,-0.0007346215079699446
2023-07-03,-0.003753998863542703,0.0010649986426650533,-0.0005413338594041989
2023-07-04,-0.002649113841184818,-0.0034144106461641136,-0.0031593117111710146
2023-07-05,0.002301032598070088,0.006364633728209093,0.005010100018162758
2023-07-06,0.001979125432735615,-0.0022834875575899623,-0.0008626165608147698
2023-07-07,-0.0002536479486806753,-0.0009043217908295711,-0.0006874305101132725
2023-07-10,-0.009542433711581711,-0.003050389781085694,-0.0052144044245843665
2023-07-11,0.0022884658856719316,0.0030498142471268325,0.002796031459975199
2023-07-12,0.00957714513052379,0.0011891165536118355,0.0039851260792491535
2023-07-13,0.012164176752734214,0.004272646863137044,0.006903156826336101
2023-07-14,0.0013948545718893684,0.0025605572681009388,0.002171989702697082
2023-07-18,0.006451886572745154,-0.0012163798272402566,0.0013397089727548803
2023-07-19,-0.003913151723866249,-0.0013111946668855647,-0.002178513685879126
2023-07-20,0.0011795670754611647,0.0010566036831227918,0.0010975914805689162
2023-07-21,-0.0029765286304478055,0.00358433848623467,0.0013973827806738448
2023-07-24,-0.005440329649174914,-0.003558146638380053,-0.004185540975311673
2023-07-25,0.010543977664491243,0.004055206233638262,0.006218130043922589
2023-07-26,-0.0025072026536294093,-0.003000086963077255,-0.0028357921932613064
2023-07-27,0.0009714653632726259,-0.000704035042281825,-0.000145534907097008
2023-07-28,0.00438539961341413,0.0038846257900715317,0.004051550397852398
2023-07-31,-0.0016317495434387207,0.0013922978377834533,0.0003842820440427286
2023-08-01,0.002386969490965652,0.0014614752437582146,0.001769973326160694
2023-08-02,-0.000523872677842561,0.003496849099710964,0.002156608507193122
2023-08-03,-0.0005225297248021431,0.004313026710504831,0.0027011745654025067
2023-08-04,0.014098905338818319,-0.00038690850721754947,0.0044416961081277405
2023-08-07,0.0014587265147756301,0.011962228906723731,0.00846106144274103
2023-08-08,0.00992486365458094,0.004670313396216222,0.0064218301490044614
2023-08-09,0.004333067664096027,0.0006639765297365907,0.0018870069078564028
2023-08-10,0.00431439145819023,-0.00018942180799526483,0.0013118492807332332
2023-08-14,0.0038763677023956286,0.002640286480926907,0.0030523135547498143
2023-08-15,0.0013604622939024469,-0.0029376773335537303,-0.0015049641244016712
2023-08-16,0.004856496837578689,0.0005953779356495876,0.002015750902959288
2023-08-17,-0.00034935602520029985,0.0007366781847661769,0.000374666781444018
2023-08-18,0.008158293744262482,0.004849627121895639,0.005952515996017919
2023-08-21,0.0007369580499510214,0.005674475865914305,0.004028636593926544
2023-08-22,0.002080892242343723,-0.0009106096230771905,8.655766539644742e-05
2023-08-23,0.004554767930145939,0.003981716565926239,0.004172733687332806
2023-08-24,-0.003052500478171898,-0.0013729616140936715,-0.0019328079021197469
2023-08-25,-0.0018382734075111865,-0.0007604754644333362,-0.0011197414454592863
2023-08-28,0.0014493335123206448,-0.008261366060912103,-0.005024466203167853
2023-08-29,0.004773782933978827,-0.003995781837959043,-0.0010725935806464193
2023-08-30,-0.009371005866334749,-0.00466532045227129,-0.00623388225695911
2023-08-31,0.0027008407537442917,0.0014224425994269476,0.0018485753175327291
2023-09-01,-0.004763200244059037,0.0010971335232106737,-0.0008563110658792299
2023-09-04,0.005083664647141932,0.00601719326435938,0.005706017058620231
2023-09-05,-0.0009984205864970476,0.00019231829317965842,-0.00020459466671257694
2023-09-06,0.009267900537312064,-0.0008422962930296499,0.0025277693170842547
2023-09-07,0.0027019398867744807,0.002886036533643225,0.002824670984686977
2023-09-08,-0.006347755713766121,0.0029293684830065934,-0.00016300624925097806
2023-09-11,-0.007124868989419667,-0.00043267959550963796,-0.002663409393479648
2023-09-12,-0.010027435032104626,-0.005884240572386391,-0.007265305392292469
2023-09-13,-0.0014740734645101294,-0.004330547214324391,-0.0033783892977196374
2023-09-14,-0.00046633869908852205,0.0007726453284045368,0.0003596506525735172
2023-09-15,-0.005761168008271388,-0.0026171392155129574,-0.0036651488130991007
2023-09-19,-0.005563550527246295,0.0018025613155208389,-0.0006528092987348723
2023-09-20,0.0009467474086117256,0.005668205523833684,0.004094386152093031
2023-09-21,-0.003785519296025096,-0.0017756045504186524,-0.002445576132287467
2023-09-22,0.003967230817911222,0.004768946645870597,0.004501708036550805
2023-09-25,0.0033541377760835087,0.0030461686471928615,0.003148825023489744
2023-09-26,0.0007467178877278908,0.003107189018997172,0.0023203653085740786
2023-09-27,0.004860702492161838,0.0036529629221554692,0.004055542778824258
2023-09-28,-0.0023794798782603953,-0.0015329068226609132,-0.0018150978411940737
2023-09-29,-0.0007927244892024943,0.003204435836856954,0.0018720490615038044
2023-10-02,0.006494261163325268,-0.002690013393212849,0.0003714114589665231
2023-10-03,-0.002905284131091475,0.006736620763280771,0.0035226524651566886
2023-10-04,-0.015011555058469576,-0.004189798032905909,-0.007797050374760465
2023-10-05,-0.0037973969636361567,0.00012129569229103222,-0.0011849351930180308
2023-10-06,-0.0005471623884144546,-0.0027163914748893404,-0.0019933151127310453
2023-10-10,-0.0037035631022269166,-0.0004836084240942805,-0.0015569266501384924
2023-10-11,0.002957101869270733,-0.0007881205810239158,0.0004602869024076337
2023-10-12,-0.0005235412923914719,0.0006246705445619187,0.00024193326557745516
2023-10-13,0.002883836932284875,0.002805176847847031,0.002831396875992979
2023-10-16,-0.0071188376745445914,-0.012530799127413648,-0.010726811976457295
2023-10-17,-0.011918447390371963,-0.0017482377544429798,-0.005138307633085974
2023-10-18,0.0027322472984598325,0.0012882098786490305,0.0017695556852526312
2023-10-19,-0.0017372187624481881,0.0037219442991731615,0.0019022232786327115
2023-10-20,0.0019994606589177487,-0.002009931705657224,-0.0006734675841322331
2023-10-23,0.0003343005568995209,-0.003922069333015929,-0.0025032793697107795
2023-10-24,-0.00181392010695146,0.011876799316591575,0.007313226175410563
2023-10-25,0.0002569465750773774,-0.0014015652264148378,-0.0008487279592507661
2023-10-26,-0.0026226953494526105,-0.0005524130390366247,-0.00124250714250862
2023-10-27,0.0017531950124564156,-0.005018099689083316,-0.0027610014552367393
2023-10-30,0.002354663791361076,0.0019142873229298454,0.002061079479073589
2023-10-31,0.010951380824686973,0.007559741933594648,0.008690288230625424
2023-11-01,0.005240434395677771,0.0016076723452365085,0.0028185930287169293
2023-11-02,0.010997712641458426,0.004227454590964691,0.006484207274462602
2023-11-06,-0.005779010129488832,0.0008228475514302164,-0.0013777716755427997
2023-11-07,0.002814201982618379,0.000484733298440905,0.0012612228598333963
2023-11-08,0.01742202149775665,0.01104487515473682,0.013170590602410097
2023-11-09,-0.005288643130233944,-0.005437773198500889,-0.005388063175745241
2023-11-10,0.004566537116639723,-0.004798811260791458,-0.0016770284683143976
2023-11-13,-0.005551692245829071,-0.008637805385747228,-0.0076091010057745085
2023-11-14,0.0018162358932027212,0.0005054426683158936,0.0009423737432781694
2023-11-15,0.012113483037685654,0.008948851600360123,0.010003728746135301
2023-11-16,0.00026029990369342605,0.0006655523404921057,0.0005304681948925458
2023-11-17,0.0015076362285356849,0.00010500373937632514,0.000572547902429445
2023-11-20,0.005310292152705093,0.007580613221464793,0.006823839531878226
2023-11-21,0.009556046823422117,0.006434829735572493,0.0074752354315223675
2023-11-22,-0.005933187830292445,0.0002534828188560773,-0.001808740730860097
2023-11-24,0.0034636034401521313,0.0006863928484163905,0.001612129712328304
2023-11-27,0.00407431244131869,0.0010802990631213964,0.0020783035225204944
2023-11-28,-9.982127051428756e-05,0.0007290859594729087,0.0004527835494771766
2023-11-29,0.01014323911692712,-0.0005675748111255723,0.003002696498225325
2023-11-30,0.0022236982276683326,0.0066398862626354345,0.005167823584313068
2023-12-01,0.004597704093798205,0.0012747540012595067,0.0023824040321057394
2023-12-04,0.007630271802263583,0.004743846463781699,0.005705988243275661
2023-12-05,0.0004532251556301054,-0.0009278201839609183,-0.00046747173743057706
2023-12-06,0.004525985878472384,0.00035278141839685615,0.0017438495717553655
2023-12-07,0.00693917346050377,0.0023499382273406916,0.0038796833050617177
2023-12-08,0.00044454985489474075,0.003983550836000215,0.0028038838422983904
2023-12-11,-0.005147207045612657,-0.0067589820134001544,-0.006221723690804322
2023-12-12,-0.0024480396352535953,-0.0010823456873414517,-0.0015375770033121663
2023-12-13,0.0031023380035596917,0.0031516151447937677,0.0031351894310490754
2023-12-14,0.011028897341047424,0.006329409497704198,0.007895905445485274
2023-12-15,0.010688265658615179,0.011958836298617664,0.01153531275195017
2023-12-18,0.0016850820092857367,0.0014942173983858494,0.0015578389353524784
2023-12-19,-0.002994632363136255,-0.0004455821739597725,-0.0012952655703519333
2023-12-20,-0.0010060566537066558,0.0005123032932408794,6.1833109250343e-06
2023-12-21,0.0018776867102868488,0.0039070076561847755,0.0032305673408854663
2023-12-22,0.0034247245118931534,-0.0007969010460327323,0.0006103074732758963
2023-12-25,-0.004355676701927948,-0.0014242226584908115,-0.0024013740063031906
2023-12-26,-0.0027241321815090536,0.001143503273657572,-0.0001457085447313032
2023-12-27,0.004593371249863651,-0.001346699764549302,0.0006333239069216825
2023-12-28,-0.0010832338925708973,0.0010486006732674863,0.0003379891513213584
2023-12-29,0.003199484791306763,0.0021923508203032945,0.0025280621439711173
2024-01-04,-0.0022945324730093055,0.0009938539221950823,-0.00010227487620638031
2024-01-05,0.013163722532446173,0.0014163139451035711,0.005332116807551105
2024-01-09,-0.008203149362507474,-0.0021317595455925234,-0.004155556151230841
2024-01-10,0.003998212402308878,0.008543422811705823,0.007028352675240174
2024-01-11,0.0016232808597675319,-7.671426686876198e-05,0.0004899507753433359
2024-01-12,0.006337814202481074,-0.0016388578742994324,0.0010200328179607364
2024-01-15,-0.0020126479437946885,0.0010817279185910888,5.0269297795829726e-05
2024-01-16,-0.0038859757325647405,0.005137787595193179,0.0021298664859405393
2024-01-17,-0.008479591063623624,-0.00014976107937910745,-0.0029263710741272795
2024-01-18,0.004648221980122961,0.004446203015195821,0.004513542670171534
2024-01-19,-0.00039638280646128905,0.0026333824904489515,0.0016234607248122046
2024-01-22,0.0019580099557991934,0.003264707524293907,0.0028291416681290025
2024-01-23,0.0023275319413859734,0.002079216300681211,0.0021619881809161316
2024-01-24,0.009150427416262057,0.00260126038308465,0.004784316060810452
2024-01-25,0.003613583032032178,0.0017527765532401969,0.0023730453795041905
2024-01-26,0.003199907836854524,0.003646701715681735,0.0034977704227393317
2024-01-29,0.005536693590274705,-0.00041094711735196825,0.0015715997851902558
2024-01-30,-0.0018839081225741463,-0.00871720325358659,-0.006439438209915775
2024-01-31,-0.0003742214510270574,-0.0007824676495703439,-0.0006463855833892484
2024-02-01,-0.0015418767737637503,-0.00044954863394353734,-0.0008136580138836083
2024-02-02,-0.00313886495081714,0.004716362511068353,0.0020979533571065224
2024-02-05,-0.003477052715127267,-0.006276736522746774,-0.005343508586873605
2024-02-06,0.017397661485884758,0.012512719606809854,0.014141033566501489
2024-02-07,0.01048017252070629,-0.0012869683549099195,0.0026354119369621505
2024-02-08,-0.0006547484873043407,0.0026077864256048517,0.001520274787968454
2024-02-09,0.0008712528484691063,0.0019965525521958107,0.0016214526509535758
2024-02-13,0.009371918236363571,0.002836953891994195,0.00501527534011732
2024-02-14,0.007381124877886931,-0.002017913247402922,0.0011150994610270289
2024-02-15,-0.00872569211744864,-0.0029245922833853804,-0.0048582922280731335
2024-02-16,0.008222414842103233,-0.0008488954126056034,0.002174874672297342
2024-02-19,-0.0028750190599435613,-0.0019399429999652508,-0.002251635019958021
2024-02-20,0.0051263664715637544,0.0014114511637704683,0.0026497562663682305
2024-02-21,0.008005441256165983,-0.0017906957659828552,0.0014746832414000907
2024-02-22,-0.0004679240071369762,0.0015432560666589076,0.0008728627087269463
2024-02-26,-0.004792391975502889,-0.005589171536771452,-0.005323578349681932
2024-02-27,0.0006733690023659751,0.004485613370721999,0.003214865247936658
2024-02-28,0.0028797714377485793,0.0017968332727706024,0.002157812661096595
2024-02-29,0.003203555187527741,-0.0029538254271111795,-0.0009013652222315394
2024-03-01,-0.0022137077390785866,0.00030907611186613065,-0.0005318518384487751
2024-03-04,0.0005068541496968371,0.00048523578006415746,0.0004924419032750507
2024-03-05,-0.0012460836947592619,-0.00354249575501494,-0.0027770250682630474
2024-03-06,-0.007124396263762368,-0.0009774912473481125,-0.0030264595861528645
2024-03-07,-0.004043845682433583,-0.002706672568905522,-0.003152396940081542
2024-03-08,-0.00023041233517770432,0.003876273854079579,0.002507378457660485
2024-03-11,0.002507926515230764,0.00020031567975813992,0.000969519291582348
2024-03-12,-0.008336200852898053,-0.0017449872449750495,-0.003942058447616051
2024-03-13,-0.006751678558349175,-0.009031383083303628,-0.008271481574985478
2024-03-14,0.008240033091194528,0.0015507570328472152,0.0037805157189629863
2024-03-15,0.007848862545514604,-0.00041826697987147566,0.002337442861923884
2024-03-18,-0.0076350421496974245,-0.006968405548622501,-0.007190617748980809
2024-03-19,-0.00328214392710795,0.0017502342756221946,7.277487471214646e-05
2024-03-21,0.0026385801590097452,0.0024077032786537322,0.0024846622387724032
2024-03-22,0.0012976383036175923,-0.00037177801068264565,0.00018469409408410032
2024-03-25,-0.005677650763390648,-0.0022577204817744692,-0.0033976972423131954
2024-03-26,0.0034247161635249344,0.0036276739925181186,0.003560021382853724
2024-03-27,0.008672898166324161,0.0038742639716147554,0.005473808703184557
2024-03-28,-0.0058451186273650296,0.0073129911862540205,0.002926954581714337
2024-03-29,0.001699567356877867,0.004732055224190585,0.0037212259350863455
2024-04-01,-0.00417494484143069,0.0075591508005210875,0.003647785586537162
2024-04-02,0.0066564562505832215,0.004419312391483106,0.005165027011183145
2024-04-03,-0.0049931695409783546,9.25761135912135e-05,-0.001602672437931976
2024-04-04,0.002386643347575984,-0.005302626645647708,-0.0027395366479064775
2024-04-05,0.0026524155280089577,0.001999387244676014,0.0022170633391203286
2024-04-08,0.0012319373342142793,-0.0013790097777918186,-0.000508694073789786
2024-04-09,0.0030683768149890292,0.006986348031321185,0.005680357625877133
2024-04-10,-0.0019091009312835437,0.0006158041211708613,-0.00022583089631394038
2024-04-11,0.011917522712165896,0.00813325587183734,0.00939467815194686
2024-04-12,0.0012655455382639441,0.0006998717387810506,0.0008884296719420151
2024-04-15,-0.0073004572457403254,-0.006008652382951898,-0.006439254003881374
2024-04-16,-0.019259857225297827,-0.01271594009947061,-0.014897245808079683
2024-04-17,0.00793836856755813,0.009566173526732885,0.009023571873674634
2024-04-18,-0.006578958963767648,-0.0068135958046795925,-0.006735383524375611
2024-04-19,0.009166308139573476,0.005548087766837451,0.006754161224416126
2024-04-22,-0.0025597838687036346,0.0030384680363095893,0.001172384067971848
2024-04-23,0.008272034989085382,-0.00104963079421895,0.002057591133549161
2024-04-24,-0.0007374266312634896,0.005448325659928848,0.0033864082295314026
2024-04-25,-0.0005338240220838565,-0.00041143460423703976,-0.00045223107685264533
2024-04-26,0.0034409090616916572,0.0016983910586072786,0.002279230392968738
2024-04-30,0.0032036897040163747,-0.0026684897114447547,-0.0007110965729577116
2024-05-01,0.0033044746524244157,0.002132612971217634,0.0025232335316198945
2024-05-02,-0.007337237797302764,-0.0025377475076651685,-0.0041375776042110336
2024-05-07,0.0042752719696124136,0.0038920864065849913,0.004019814927594133
2024-05-08,0.003988158714131386,0.011332700542762423,0.008884519933218744
2024-05-09,-0.007676305367909696,-0.0029762300776349972,-0.004542921841059897
2024-05-10,0.010970643946447794,0.010467543550514774,0.010635243682492447
2024-05-13,0.001463140508184373,0.006409415619930907,0.004760657249348729
2024-05-14,0.010419364261637528,-0.00039303957723674666,0.003211095035721345
2024-05-15,-0.0014231649188838898,0.0038022094168535642,0.0020604179716077462
2024-05-16,0.011855730548116752,0.0022304380756950114,0.005438868899835592
2024-05-17,0.0024008628693142344,0.0018812568129025799,0.002054458831706465
2024-05-20,-0.00015350906772773577,0.00950366376269805,0.006284606152556121
2024-05-21,0.004939545605760886,0.000742989324173175,0.002141841418035745
2024-05-22,-0.004140713110230855,-0.0003671274238316994,-0.0016249893192980846
2024-05-23,-0.003681877430473888,-0.0025820484187625394,-0.0029486580893329888
2024-05-24,-0.0002982536017355642,-0.00099223090617239,-0.0007609051380267814
2024-05-27,-0.002139611624766497,-0.0030246200494672085,-0.002729617241233638
2024-05-28,-0.0063795530985009275,-0.0012792566390576047,-0.0029793554588720458
2024-05-29,-0.005960191307918023,-0.0018119370477702869,-0.003194688467819532
2024-05-30,0.004272669205973597,-0.0022423902400450103,-7.070375803880774e-05
2024-05-31,-3.2821397629684106e-06,-0.00023716576436945414,-0.00015920455616729224
2024-06-03,-0.004341957812630697,-0.000327217795980627,-0.0016654644681973168
2024-06-04,-0.00038898843711487495,0.0001396695028059577,-3.654981050098651e-05
2024-06-05,0.004194335155433861,0.006556691249028646,0.005769239217830384
2024-06-06,-0.011545497185402761,-0.005276035364012437,-0.007365855971142545
2024-06-07,0.007184723655977903,-0.0026945280887411714,0.0005985558261651867
2024-06-10,0.00018858306959489385,0.0015917270090110966,0.001124012362539029
2024-06-11,0.005599728412383152,-0.0013686435923313885,0.0009541470759067916
2024-06-12,-0.0044515068211396875,0.0007714374780964394,-0.0009695439549822696
2024-06-13,-0.0017886253643654673,0.0020939194552589825,0.0007997378487174992
2024-06-14,-0.006919243361872119,0.00048229867590526615,-0.001984882003353862
2024-06-17,0.009952065659572502,0.004085602372827141,0.0060410901350755955
2024-06-18,0.0038847886264551787,-0.0012242940404188058,0.0004787335152058557
2024-06-19,-0.009276935179611638,-0.003292362310451801,-0.005287219933505081
2024-06-20,0.0013984972917887167,-0.0011804699483071784,-0.0003208142016085467
2024-06-21,0.00020250836742409517,0.0037782056465414235,0.002586306553502314
2024-06-24,0.0006367834351742215,0.0032736997620763505,0.002394727653108974
2024-06-25,-0.002495058402322883,0.0013252566663068343,5.181831009692852e-05
2024-06-26,0.0012657175532963787,0.003151126454224098,0.002522656820581525
2024-06-27,-0.002052039814252668,-0.009127684136357016,-0.0067691360289889
2024-06-28,0.003375836043669671,-0.003167253516241623,-0.0009862236629378583
2024-07-01,0.002873094164826279,0.0008368062206821513,0.0015155688687301938
2024-07-02,0.01461206428878983,0.004871642181071326,0.008118449550310826
2024-07-03,0.003114874625993254,0.0012454849372193042,0.0018686148334772874
2024-07-04,-0.005023561274168174,0.012736121071156974,0.006816226956048592
2024-07-05,0.002432789541159994,-0.006436008468925317,-0.003479742465563547
2024-07-08,-0.005283897211462349,0.00769073642807228,0.003365858548227404
2024-07-09,0.006007778714924264,0.0021627192733940917,0.003444405753904149
2024-07-10,0.004942314641756342,0.0057641856686116355,0.005490228659659871
2024-07-11,0.0017568461436947473,-0.0020917661251339927,-0.000808895368857746
2024-07-12,0.010165301680116392,0.001603481077279549,0.004457421278225164
2024-07-16,-0.0029056457995427915,-0.0006565865357765978,-0.0014062729570319956
2024-07-17,-0.000984002880832913,-0.0017244733314073176,-0.001477649847882516
2024-07-18,0.0012073642413970168,0.007801144330230243,0.005603217633952501
2024-07-19,0.00224395102767559,0.0025444891150975526,0.002444309752623565
2024-07-22,0.00011269707437194755,0.006080466696519758,0.004091210155803822
2024-07-23,0.003019377456884287,-0.0026896504799941113,-0.0007866411677013119
2024-07-24,0.0015216472082741233,0.006926073231939733,0.005124597890717863
2024-07-25,0.006453384207290562,0.0001275026645238108,0.002236129845446061
2024-07-26,-0.00353716074117285,0.0009422315344971585,-0.000550899224059511
2024-07-29,0.006042436901129247,-0.005213318659446783,-0.0014614001392547734
2024-07-30,0.006541961390348362,0.0006316418813834023,0.0026017483843717225
2024-07-31,-0.00041837092645161805,-0.003723382722216384,-0.0026217121236281286
2024-08-01,-0.0013957955960216678,-0.0004293220316959872,-0.000751479886471214
2024-08-02,0.005098367274754706,0.00934598229257981,0.007930110619971441
2024-08-05,-0.016272123605221823,0.012661864332262292,0.003017201686434254
2024-08-06,-0.013596019093838946,-0.004362472070471657,-0.007440321078260754
2024-08-07,0.017001364102916718,0.002117403904330622,0.007078723970525988
2024-08-08,0.0011998626264414977,-0.0029766282079763604,-0.001584464596503741
2024-08-09,0.0026637594235843654,0.002282885974946003,0.0024098437911587904
2024-08-13,-0.005473642454512817,-0.005958495707184378,-0.005796877956293858
2024-08-14,0.005671676744540675,-0.004064199772326499,-0.0008189076000374409
2024-08-15,0.005740012684018024,-0.00804388075068822,-0.0034492496057861384
2024-08-16,-0.006733181598201131,0.00040779583295461356,-0.001972529977430635
2024-08-19,0.004622406493041868,0.0029692199371672834,0.0035202821224588113
2024-08-20,0.006335246228300837,-0.01102382478883673,-0.005237467783124208
2024-08-21,0.0003195333073828916,-0.000627500514762245,-0.0003118225740471995
2024-08-22,-0.011032717160340667,-0.0035182877099973146,-0.0060230975267784315
2024-08-23,0.0082546766759264,0.004453063566446027,0.005720267936272818
2024-08-26,0.00820204022999237,-0.0034810547026978777,0.0004133102748655381
2024-08-27,0.008507681339260886,-0.0015926861234371458,0.0017741030307955317
2024-08-28,-0.006683064247149039,-0.002637908838581226,-0.003986293974770497
2024-08-29,0.0015600117420042946,0.0033930704644345696,0.0027820508902911445
2024-08-30,0.005040190710810606,0.002379323544118889,0.0032662792663494616
2024-09-02,0.004305770659516446,-0.0005212408867001992,0.0010877629620386826
2024-09-03,-0.006181963115268057,-0.006919890419889331,-0.00667391465168224
2024-09-04,0.012185131650334836,0.008482343653348438,0.00971660631901057
2024-09-05,0.0002646400350823333,0.0010222971573016913,0.000769744783228572
2024-09-06,-0.0030675744760120943,-0.0043211007687145135,-0.0039032586711470404
2024-09-09,0.0009442124609849211,-0.0017202330829696752,-0.0008320845683181432
2024-09-10,0.0038580756587174004,-0.003878145635915851,-0.001299405204371434
2024-09-11,0.002673786003575494,-0.0021300156355709855,-0.000528748422522159
2024-09-12,-0.0007419332968945317,0.0004030290518949864,2.137493563181371e-05
2024-09-13,0.010411874567786243,0.005169871982097713,0.006917206177327224
2024-09-17,0.0036081853597552498,-0.0014375908821125398,0.00024433453184339004
2024-09-18,-0.009162660242181883,0.0037487948360866996,-0.0005550235233361614
2024-09-19,0.00280984899711323,0.0011875445454049374,0.0017283126959743683
2024-09-20,0.0029696213536274524,0.002851101962703106,0.002890608426344555
2024-09-24,-0.0010722145445420659,-0.0005785088538671396,-0.0007430774174254483
2024-09-25,0.004110838772623766,0.010040055864086964,0.008063650166932565
2024-09-26,-0.0010403122933630867,-0.0019222947866278759,-0.0016283006222062794
2024-09-27,0.0032225994281024893,0.004122367892508351,0.0038224450710397304
2024-09-30,0.0029108075333155554,-0.0007806812355030692,0.0004498150207698057
2024-10-01,0.010742307209760675,-0.001394266901016099,0.002651257802576159
2024-10-02,0.003460707889036869,0.006307431948327302,0.005358523928563824
2024-10-03,-0.008501229959863332,-0.0012481842202955252,-0.0036658661334847942
2024-10-04,0.004315592649532213,0.0011941805437143517,0.0022346512456536387
2024-10-07,-0.003961525898726374,-0.005296490490516181,-0.004851502293252912
2024-10-08,-0.012582752727900097,-0.007742096830014406,-0.009355648795976302
2024-10-09,0.006443778850377693,0.0026017559714471093,0.00388243026442397
2024-10-10,0.0023151368513386946,-0.0005888070719773186,0.0003791742357946858
2024-10-11,-0.0033735058793777236,-0.0010264927617325307,-0.0018088304676142618
2024-10-15,-0.004168544181699259,0.0017996126163849903,-0.00018977298297642603
2024-10-16,-0.010751709962456436,-0.002391238145382736,-0.005178062084407302
2024-10-17,-0.009669643880700043,0.0002474427404741313,-0.00305825279991726
2024-10-18,0.0027306231621309785,0.002450659853148245,0.0025439809561424898
2024-10-21,0.005862657926166059,0.0036938421249307295,0.004416780725342506
2024-10-22,-0.00034727387892695004,-0.0002782671815450325,-0.00030126941400567166
2024-10-23,0.0028743464476805878,0.003792681999030076,0.0034865701485802467
2024-10-24,0.008874050422178498,-0.00013361808624095975,0.002868938083232193
2024-10-25,-0.007199391228323023,0.005979260273381696,0.0015863764394801229
2024-10-28,0.0027043755819143667,0.004551861268590571,0.003936032706365169
2024-10-29,0.0034648551990946836,-0.0029534293193019525,-0.0008140011465030738
2024-10-30,-0.013184085975814209,-0.00026023712381905654,-0.004568186741150774
2024-10-31,-0.0011113959975314488,-0.004352900644660079,-0.003272399095617202
2024-11-01,0.0033167808364679696,0.0011341093670819747,0.0018616665235439728
2024-11-05,-0.011809565517036887,0.008804260098103244,0.0019329848930565337
2024-11-06,-0.01910662056256611,0.001843463519640925,-0.005139897841094753
2024-11-07,0.004126200628313877,-0.002890382722056284,-0.0005515216052662305
2024-11-08,-0.005816435087463405,-0.003006301921536752,-0.003943012976845636
2024-11-11,-0.001613483295757,-0.0018751697987242958,-0.001787940964401864
2024-11-12,0.0015357812831881448,0.0006002965840196997,0.0009121248170758481
2024-11-13,0.00437319323248116,-0.0014523541855624483,0.0004894949537854212
2024-11-14,0.008143412691650028,0.005030454551025687,0.006068107264567134
2024-11-15,0.006089326193641095,0.0036420874223573258,0.004457833679451915
2024-11-18,0.011538420318784093,0.0037827240808724263,0.006367956160176315
2024-11-19,-0.01391136770552797,-0.0014727150990002402,-0.005618932634509483
2024-11-20,0.007298605388341048,0.0002271840244199774,0.002584324479060334
2024-11-21,0.000839186487387181,-0.0010016284020792916,-0.0003880234389238007
2024-11-22,0.0013407739675303696,0.0024551126153695892,0.002083666399423183
2024-11-25,-0.003946056433369954,0.00021214397531843423,-0.0011739228275776954
2024-11-26,0.013247739058766216,0.005363487827327557,0.007991571571140443
2024-11-27,0.005757288342975561,0.007335520565202053,0.006809443157793222
2024-11-28,0.0024725393406026517,-0.0027479012692814835,-0.001007754399320105
2024-11-29,0.0017218565007511922,-0.0006594160070554126,0.000134341495546789
2024-12-02,-0.010135998696596161,0.0026955888112593415,-0.0015816070246924927
2024-12-03,0.0013339673814209956,0.002394471603836586,0.0020409701963647227
2024-12-04,0.01350149177675217,0.005145210878349144,0.007930637844483486
2024-12-05,0.008322093963689282,0.0005453085834451252,0.0031375703768598442
2024-12-06,0.0018845658715269341,0.0016856401139814247,0.0017519486998299279
2024-12-09,0.007018430045007185,0.004942001367427664,0.005634144259954171
2024-12-10,-0.00012557785835417548,0.0022261723994716084,0.0014422556468630138
2024-12-11,0.00900859339468289,0.0012686943636589579,0.0038486607073336017
2024-12-12,-0.0037166905536483545,-0.006178497604939585,-0.005357895254509175
2024-12-13,-0.010651463235713388,-0.00656593333223961,-0.007927776633397535
2024-12-16,0.003480245096338631,0.0012524581344492477,0.0019950537884123754
2024-12-17,0.002040818683363113,0.00045350528935904355,0.0009826097540270667
2024-12-18,-0.00431856081848774,-0.006195340224262786,-0.005569747089004438
2024-12-19,0.01452683077433459,0.0001965580142664733,0.004973315600955846
2024-12-20,0.0027667294851253894,0.00020409500940790073,0.0010583065013137303
2024-12-23,-0.0007504879348714784,-0.002048258512521695,-0.0016156683199716228
2024-12-24,0.00024175495461232718,-0.0024060565262673953,-0.0015234526993074878
2024-12-25,0.001921017960739626,-0.0004233809601517513,0.0003580853468120411
2024-12-26,-0.0006052615450619775,0.0041890901037694404,0.002590972887492301
2024-12-27,0.0005733531717626121,0.001003369350756462,0.0008600306244251786
2024-12-30,-0.005419856672113075,-0.002802493358832734,-0.0036749477965928473
2025-01-06,-0.010025814286054497,-0.0043256378740151955,-0.006225696678028296
2025-01-07,0.00408188389100252,0.004762083619876872,0.0045353503769187545
2025-01-08,-0.005017951623062912,-0.0022696933946329267,-0.003185779470776255
2025-01-09,-0.0003401163556128778,0.010252986541770317,0.0067219522426425855
2025-01-10,-0.009962296397112977,-0.0024923729588884214,-0.004982347438296606
2025-01-14,-0.00202412703296453,0.004158368932856182,0.002097536944249278
2025-01-15,0.005718098286553716,0.003992063466932708,0.004567408406806378
2025-01-16,-0.004158244637867597,-0.00010059023803052022,-0.0014531417046428792
2025-01-17,0.004177578782759279,0.003999772029117014,0.004059040946997769
2025-01-20,0.006400169292145642,-0.002959017889064212,0.00016071117133907258
2025-01-21,-0.004512953023466657,-0.00196207055791978,-0.002812364713102072
2025-01-22,-0.003458482174783119,-0.0036293152860313225,-0.0035723709156152542
2025-01-23,-0.0038375528154376455,0.0017457576596115296,-0.00011534583207152879
2025-01-24,-0.000802487504945319,-0.0015851626947161561,-0.0013242709647925436
2025-01-27,0.0005050942672004178,0.0018062470338525408,0.0013725294449684997
2025-01-28,0.010129654234935972,0.0006585988224048537,0.00381561729324856
2025-01-29,0.005769813998835053,0.004290908077428679,0.004783876717897471
2025-01-30,-0.006107338244506766,-0.004418999671901611,-0.004981779196103329
2025-01-31,0.011260440778247297,-0.002946210486017415,0.0017893399354041554
2025-02-03,0.0014199109274874867,0.0014462920775109235,0.0014374983608364447
2025-02-04,0.0044506529803286805,-0.0015704670840817588,0.00043657293738838765
2025-02-05,0.0053366432154991665,0.001118204192263832,0.002524350533342277
2025-02-06,-0.007307241065186637,0.0015249293191339447,-0.0014191274756395825
2025-02-07,0.00017618365519984176,0.0033798306301338855,0.002311948305155871
2025-02-10,0.0029826589437153,0.0007523302174159308,0.0014957731261823872
2025-02-12,-0.011034207689509105,-0.01736025399821131,-0.015251571895310576
2025-02-13,0.000599756504739488,-0.00015382438515617984,9.736924480904276e-05
2025-02-14,0.002769278252835456,-0.0028709985292500097,-0.0009909062685548545
2025-02-17,0.0011241377324835641,0.0051968375110112725,0.003839270918168703
2025-02-18,0.002534795311781721,-0.0005212114807405568,0.0004974574501002024
2025-02-19,-0.005369167348864173,-0.002353339947522513,-0.003358615747969733
2025-02-20,-0.005591122323013649,0.0033596527687713915,0.0003760610715097112
2025-02-21,-0.005823723439722102,-0.002024677763351654,-0.003291026322141803
2025-02-25,-0.0011783232889852966,0.001682780019813284,0.0007290789168804239
2025-02-26,-0.00696961772539147,-0.0022971413822733865,-0.003854633496646081
2025-02-27,-0.0017856003545832894,0.0008652441971159744,-1.8370653450446868e-05
2025-02-28,-0.004054283715154831,-0.0009207277238341,-0.0019652463876076768
2025-03-03,-0.003008352778604951,0.00782959109975925,0.004216943140304516
2025-03-04,-0.02122645815230855,-0.0043423996083214855,-0.009970419122983841
2025-03-05,0.007720346051673154,0.0031857657680817563,0.004697292529278889
2025-03-06,-0.00292105890244704,-0.0012684242699760675,-0.001819302480799725
2025-03-07,-0.0009269943981112423,0.003802693435137411,0.0022261308240545266
2025-03-10,-0.007418995543297013,-0.0027648402716013917,-0.004316225362166599
2025-03-11,0.001130227068236228,0.002041877534016958,0.001737994045423381
2025-03-12,0.0034813509981508066,-0.0031343144138344303,-0.0009290926098393513
2025-03-13,0.0010039490834771003,-0.004801135509196535,-0.002866107311638657
2025-03-14,0.0022575989285691083,0.008500490053281785,0.006419526345044227
2025-03-17,0.01707852363999422,-0.0023934295202382013,0.004097221533172606
2025-03-18,-0.006185154371141351,0.0037161904987458565,0.000415742208783454
2025-03-19,-0.005870439075382717,-0.00214374010745775,-0.0033859730967660726
2025-03-21,-0.005030342436554025,0.001088905377404502,-0.000950843893915007
2025-03-24,0.0051649995096362915,0.0015424904018721212,0.002749993437793511
2025-03-25,-0.006460650268992493,-0.003212455246204741,-0.004295186920467325
2025-03-26,0.008175083090919343,0.008800713348590823,0.008592169929366997
2025-03-27,0.011030673695926961,0.00019754650046449867,0.003808588898951986
2025-03-28,0.0028334675887072905,0.0062191908810667095,0.005090616450280237
2025-03-31,0.0003509501762078604,0.004931001897346142,0.0034043179903000477
2025-04-01,0.0010996986114447517,-0.001431202211869383,-0.0005875686040980048
2025-04-02,0.0010751229739601794,-0.0019213254910509792,-0.0009225093360472596
2025-04-03,0.010629734298039544,0.002393402835462244,0.005138846656321344
2025-04-04,0.0035224897579337754,0.009144837633950487,0.00727072167527825
2025-04-07,0.0017091765744588362,0.0031518741230923616,0.00267097494021452
2025-04-08,0.0015381017463431566,0.002670717376708742,0.0022931788332535468
2025-04-09,0.007014882847288061,0.0006561014889448899,0.0027756952750592804
2025-04-10,0.00441214357657556,-0.006669981014561456,-0.002975939484182451
2025-04-11,0.011363516545569663,0.0055315988779974954,0.0074755714338548855
2025-04-14,-0.0031527874686756736,0.0009711110765127876,-0.0004035217718833661
2025-04-15,-0.0038994538798293246,-0.003101835805285607,-0.0033677084968001796
2025-04-16,0.007899023369795198,0.010148062739918431,0.009398382949877354
2025-04-17,0.0012935323311852654,-0.002538016008240081,-0.0012608332284316322
2025-04-18,0.00411365779642824,0.0010076583389227833,0.002042991491424602
2025-04-21,-0.0016933986640451418,0.002604197322350835,0.0011716653268855094
2025-04-22,-0.008212398166921226,-0.0009390915840738171,-0.0033635271116896196
2025-04-23,-0.0030896339715482373,-0.0062970315843799834,-0.005227899046769402
2025-04-24,0.0081517446582968,-0.0003931902473008797,0.002455121387898347
2025-04-25,-0.0005881454753983978,0.003641375950182762,0.0022315354749890422
2025-04-28,-0.0015013079695925253,-0.0022772301468370138,-0.002018589421088851
2025-04-30,-0.023119331560816924,0.005609785751468316,-0.003966586685960097
2025-05-01,0.0013825393571143632,0.0014063540944877658,0.0013984158486966315
2025-05-02,-0.006157981922575453,0.0004756732147347712,-0.0017355451643686372
2025-05-07,0.0022764234108558134,-7.55040699495209e-05,0.0007084717569855905
2025-05-08,-0.008265809076249755,0.0008861457387217319,-0.002164505866268764
2025-05-09,-0.009845597903091259,-0.0013772981927320516,-0.004200064762851788
2025-05-12,0.0281303404036095,0.012184630450418999,0.017499867101482502
2025-05-13,0.0013625033997840324,0.006657316078239797,0.004892378518754542
2025-05-14,0.015481810692712601,-0.0032228397274349538,0.0030120437459475644
2025-05-15,-0.004119690908924431,-0.0012384233772168092,-0.0021988458877860166
2025-05-16,-0.009717355257809689,-0.0028692268066419597,-0.005151936290364536
2025-05-19,0.005355479397797351,0.0042793412345067255,0.0046380539556036
2025-05-20,0.002481883085150979,-0.0031616854113421106,-0.0012804959125110808
2025-05-21,0.0038829167305375785,0.0012405679992758187,0.0021213509096964056
2025-05-22,-0.0009815162286124363,0.0010569581382285963,0.00037746668261491877
2025-05-23,-0.014076813087062604,-0.001057558491307609,-0.005397310023225941
2025-05-26,0.008107875690125263,-0.00046794854029001546,0.0023906595365150774
2025-05-27,-0.0029006691775825457,-0.0019417066927637353,-0.0022613608543700053
2025-05-28,-0.002007348777114537,0.0007090202689029837,-0.00019643607976952324
2025-05-29,-0.0020348381272174156,0.0009706412942336853,-3.1185179583348315e-05
2025-05-30,-0.008743020093672655,0.0018428463537992267,-0.0016857757953580674
2025-06-02,0.003283929973905679,0.008327698843683165,0.006646442553757337
2025-06-03,0.00772096988758287,0.005854374138845142,0.006476572721757719
2025-06-04,-0.001216713326467785,-4.413335634238585e-05,-0.00043499334638418555
2025-06-05,0.007475690512445097,0.0025094288452101364,0.004164849400955123
2025-06-06,0.0033754059750300603,-0.000649158683072503,0.0006923628696283514
2025-06-09,0.004802904504571276,-0.00325075369655961,-0.0005662009628493147
2025-06-10,0.0008587317461353954,-0.004998061100958568,-0.0030457968185939135
2025-06-11,0.0003439617160777577,-0.000777769425339169,-0.00040385904486686013
2025-06-12,0.0012841432044747511,0.0006125402502483719,0.000836407901657165
2025-06-13,-0.00944384291308277,-0.0025451941500714385,-0.004844743737741883
2025-06-16,-0.0024008696240425485,0.0003677402172458866,-0.0005551297298502584
2025-06-17,0.0019183631573540044,0.00034442944222504894,0.0008690740139347007
2025-06-18,-0.0018606461397292925,0.001368606162432753,0.0002921887283787379
