Sector,2025-04-03
あおぞら銀行 - みずほフィナンシャルグループ,0.8122006628838465
あおぞら銀行 - りそなホールディングス,2.724211782047205
あおぞら銀行 - 三井住友トラストグループ,1.0024000512133207
あおぞら銀行 - 三井住友フィナンシャルグループ,0.7222816270977644
あおぞら銀行 - 三菱ＵＦＪフィナンシャル・グループ,1.1621605112719828
あらた - 上新電機,1.3156176176088359
いすゞ自動車 - スズキ,1.091756202732416
いすゞ自動車 - 日野自動車,1.4171007750924736
いよぎんホールディングス - 八十二銀行,1.5378867542921772
きんでん - 住友電設,0.9299791103680036
くら寿司 - コロワイド,0.7402263985590425
くら寿司 - 学研ホールディングス,1.4879995784889517
さくらインターネット - コムチュア,0.14713310386879816
さくらインターネット - 電通総研,0.8667785412591448
しずおかフィナンシャルグループ - コンコルディア・フィナンシャルグループ,0.9039020713926117
ちゅうぎんフィナンシャルグループ - 九州フィナンシャルグループ,0.5771879740094671
ちゅうぎんフィナンシャルグループ - 八十二銀行,0.4149356728285064
ひろぎんホールディングス - ほくほくフィナンシャルグループ,0.7975337186679508
やまびこ - 日機装,1.1439883650824527
りそなホールディングス - みずほフィナンシャルグループ,1.4109951395539142
りそなホールディングス - 三井住友トラストグループ,1.6663145297831223
りそなホールディングス - 三井住友フィナンシャルグループ,1.9857040415780696
わらべや日洋ホールディングス - イオンディライト,0.6037137079253873
アイカ工業 - 前田工繊,1.0957855729187245
アイカ工業 - 富士通ゼネラル,0.4465110896638028
アイカ工業 - 日本瓦斯,3.7362278695061404
アイカ工業 - 栄研化学,0.5437673312720815
アイカ工業 - 栗田工業,1.4285834529990487
アイダエンジニアリング - やまびこ,1.6200777277292102
アイダエンジニアリング - フジテック,2.2003764887328723
アイダエンジニアリング - 旭ダイヤモンド工業,0.9396485548359436
アイフル - アコム,0.7864125197956496
アイフル - イー・ギャランティ,4.411721701658722
アイフル - オリエントコーポレーション,0.41904821817026794
アイフル - ジャックス,0.834332363385777
アコム - イー・ギャランティ,1.8971368775471151
アコム - オリエントコーポレーション,1.4451843005289158
アコム - ジャックス,1.180265617561015
アサヒグループホールディングス - キリンホールディングス,0.954138553569449
アシックス - メイテックグループホールディングス,0.5529228601312073
アスクル - ダスキン,0.6764198149475159
アステラス製薬 - 大塚ホールディングス,0.7446184891864343
アズワン - オカムラ,2.0474508370464846
アズワン - コクヨ,1.3001085144716644
アズワン - サンゲツ,0.7475846486596656
アズワン - パイロットコーポレーション,5.296219450271006
アダストリア - クオールホールディングス,0.8155399987622332
アドバンテスト - 東京エレクトロン,1.3347070542138706
アドバンテスト - ＳＣＲＥＥＮホールディングス,1.2277867386743466
アマダ - 荏原製作所,0.6882698775748903
アマノ - キヤノンマーケティングジャパン,0.6643569798945574
アルコニックス - ノリタケ,1.7135722061373908
アルコニックス - ＥＩＺＯ,1.9334818671347735
アルバック - 堀場製作所,0.5542891419329461
アルバック - 東京精密,0.42449760967848077
アルフレッサ　ホールディングス - スズケン,1.071381032561068
アルフレッサ　ホールディングス - メディパルホールディングス,1.573256154278798
アルフレッサ　ホールディングス - 東邦ホールディングス,1.08966501039975
アルプスアルパイン - 日本航空電子工業,0.6932307242009519
アルペン - ゼビオホールディングス,1.0261637024392938
アンリツ - アズビル,0.8727176834569511
アークス - バローホールディングス,0.7856896553082603
イオン北海道 - イオン,1.7639185071740646
イトーキ - 百十四銀行,0.6236468190351266
イビデン - メガチップス,2.6499784685049037
イビデン - 新光電気工業,3.3904238824350905
インフォマート - コロプラ,1.1422467881610636
ウェザーニューズ - モスフードサービス,1.8955009538200729
ウエルシアホールディングス - スギホールディングス,1.2292010196256782
ウシオ電機 - 京セラ,0.45760495173540316
エア・ウォーター - 日本酸素ホールディングス,1.1610473430632193
エア・ウォーター - 日油,0.874119787040255
エイチ・アイ・エス - 共立メンテナンス,0.6414833090255947
エイチ・ツー・オー　リテイリング - 丸井グループ,0.6898681062950042
エイベックス - マネックスグループ,0.825979376255909
エクセディ - エフ・シー・シー,0.4535346900783139
エス・エム・エス - エムスリー,0.6256719988203655
エディオン - ケーズホールディングス,1.0269119242063138
エディオン - ヤマダホールディングス,0.9722549955134008
エムアップホールディングス - さくらインターネット,0.028311294865783244
エムスリー - 野村総合研究所,0.1732704716548988
エンプラス - タチエス,2.3129067259982223
エービーシー・マート - しまむら,1.2340345265450312
オイシックス・ラ・大地 - ＪＢＣＣホールディングス,0.9017077511613985
オプテックスグループ - 長野計器,0.6767549053394508
オムロン - 三井ハイテック,0.9111404569804964
オリエンタルランド - 京成電鉄,1.1579060316589351
オリエンタルランド - 日本空港ビルデング,0.942985668058968
オリエントコーポレーション - イー・ギャランティ,2.759143771939192
オリックス - ソフトバンクグループ,2.6731878553218094
オリックス - 三菱ＨＣキャピタル,0.7303119796113242
オルガノ - マックス,0.9522776413361571
オルガノ - 長野計器,0.8563274408222921
オーエスジー - シークス,0.7791221537535379
オーエスジー - タムラ製作所,0.7654056050461986
オーエスジー - 不二越,0.5268649364821062
オーエスジー - 椿本チエイン,1.238554158121542
オークマ - アマダ,0.781642886613578
オークマ - 住友重機械工業,0.8096744699424238
オートバックスセブン - イエローハット,0.8588444570489643
オービック - 大塚商会,1.012591297470335
オービック - 日本オラクル,1.2748970561874322
カカクコム - インターネットイニシアティブ,0.9831158754344608
カカクコム - エムスリー,0.4322835534323741
カカクコム - ＬＩＮＥヤフー,0.4985952429552952
カゴメ - エフピコ,1.1108005563776084
カシオ計算機 - シチズン時計,0.8559812158089161
カッパ・クリエイト - モスフードサービス,0.6846904839417222
カッパ・クリエイト - 木曽路,0.9636121587691884
カッパ・クリエイト - Ｇｅｎｋｉ　Ｇｌｏｂａｌ　Ｄｉｎｉｎｇ　Ｃｏｎｃｅｐｔｓ,2.0237069197116484
カワチ薬品 - アークス,0.7100194391232021
カワチ薬品 - クリエイトＳＤホールディングス,0.589248332227412
カワチ薬品 - バローホールディングス,0.6440432440412526
キッセイ薬品工業 - ゼリア新薬工業,1.6878977476863577
キッセイ薬品工業 - 杏林製薬,0.7711198443005519
キヤノン電子 - 信越ポリマー,0.7612939945110684
キーエンス - ＨＯＹＡ,2.9487273101382834
クオールホールディングス - 壱番屋,1.9140549294001419
クボタ - トヨタ自動車,0.9458407990908959
クラレ - ＤＩＣ,1.2375734580250108
クリエイト・レストランツ・ホールディングス - コロワイド,1.444619573307394
クレディセゾン - イオンフィナンシャルサービス,0.5940221613765253
クレハ - 三菱ロジスネクスト,0.7854021348956588
クレハ - 長瀬産業,1.3550814768068769
クレハ - 阪和興業,0.56418117786355
グローブライド - 美津濃,0.30537355472569394
グローリー - 三愛オブリ,1.615501513725084
グローリー - 長瀬産業,0.9261372112717348
グンゼ - キッツ,0.9256321407313955
グンゼ - クミアイ化学工業,1.2452412751591335
グンゼ - ニチハ,0.9642018372538872
グンゼ - 伊藤忠エネクス,1.1572753783749428
ケーズホールディングス - ヤマダホールディングス,1.206580372091805
ゲオホールディングス - モスフードサービス,0.30714850084565043
コカ・コーラ　ボトラーズジャパンホールディングス - カゴメ,0.9122762954620983
コカ・コーラ　ボトラーズジャパンホールディングス - 伊藤園,0.38642700281902104
コクヨ - オカムラ,1.3539948400224808
コクヨ - サンゲツ,2.219999159303671
コジマ - 丸三証券,1.4721594619052756
コジマ - 岡三証券グループ,1.5975269386667554
コジマ - 東海東京フィナンシャル・ホールディングス,0.8652745698218348
コジマ - 極東証券,1.4738883770736435
コスモス薬品 - サンドラッグ,1.1331806030965526
コスモス薬品 - ツルハホールディングス,1.0548550069873313
コスモス薬品 - ニトリホールディングス,1.326370110802287
コニカミノルタ - リコー,0.9111771865582862
コムシスホールディングス - エクシオグループ,0.6774211054305802
コメリ - アークランズ,1.661282671376213
コロプラ - ネクセラファーマ,0.8866994125111002
コーエーテクモホールディングス - カプコン,0.6292325579463677
コーエーテクモホールディングス - ネクソン,1.3892785606025115
コーセー - ポーラ・オルビスホールディングス,0.350590275743626
コーナン商事 - アークランズ,0.6148766261251949
コーナン商事 - コメリ,0.5692979980223771
サイゼリヤ - ロイヤルホールディングス,0.8604041940479987
サイバーエージェント - ＧＭＯインターネットグループ,0.5148406157903518
サイボウズ - トランス・コスモス,0.35003487613172696
サイボウズ - ＮＳＤ,0.5803122399033841
サカタのタネ - プリマハム,0.8502642853944411
サッポロホールディングス - アサヒグループホールディングス,2.5848308307531096
サッポロホールディングス - キリンホールディングス,1.7887247786197105
サトー - 三愛オブリ,0.9676602205103694
サンエー - バローホールディングス,1.0376064698386376
サンエー - 平和堂,1.0051612558986591
サンケン電気 - トプコン,1.632042808769899
サンリオ - オートバックスセブン,1.2192613040686704
システナ - さくらインターネット,0.08753833021679475
シスメックス - ニプロ,0.687665129203187
シスメックス - 朝日インテック,1.008803666089408
シチズン時計 - セイコーグループ,0.5748322489298724
シップヘルスケアホールディングス - サンゲツ,0.7104281675712986
ショーボンドホールディングス - 日本道路,1.0698932131722518
シンフォニアテクノロジー - ダイヘン,0.27058976153592684
シーイーシー - 福井コンピュータホールディングス,0.44153552679967667
ジェイテクト - トプコン,0.854936534801745
ジャックス - イー・ギャランティ,0.6714110729075554
ジャックス - オリエントコーポレーション,0.8918134378394932
ジャパンマテリアル - ディスコ,4.191776833548316
ジャパンマテリアル - レーザーテック,0.479023686318643
スカパーＪＳＡＴホールディングス - ＫＡＤＯＫＡＷＡ,2.598214831132991
スクウェア・エニックス・ホールディングス - カプコン,0.9072567450844848
スタンレー電気 - 小糸製作所,1.2424183823081039
ステラ　ケミファ - バルカー,0.5757981143484454
セブン銀行 - 山口フィナンシャルグループ,2.6641871876107968
セブン＆アイ・ホールディングス - イオン,0.6038929113684147
センコーグループホールディングス - ニッコンホールディングス,0.43819702563197793
センコーグループホールディングス - 福山通運,0.6934361213460412
セントラル硝子 - ダイセキ,0.829461330902956
セントラル硝子 - 中国塗料,0.32576596110506695
セントラル硝子 - 日本パーカライジング,0.7159752622637173
セントラル硝子 - 東亞合成,0.6874507798855476
セーレン - 淀川製鋼所,0.3062692826028875
ゼンショーホールディングス - 吉野家ホールディングス,1.9577556514056584
タカラトミー - オカムラ,1.2107532800370606
タカラトミー - コクヨ,0.8928751253979883
タクマ - エレコム,0.9316470807330494
タクマ - ユアサ商事,1.9802356921764352
タマホーム - ＪＰホールディングス,0.40368044735551295
タムラ製作所 - スター精密,0.3876886028164531
タムラ製作所 - 山一電機,0.7150433182175066
タムロン - 加賀電子,0.6712278297737875
ダイキン工業 - 京セラ,0.9977338272044626
ダイセキ - ベルーナ,0.440599050815592
ダイセル - 日本ゼオン,0.9420243208327514
ダイドーグループホールディングス - ロック・フィールド,1.539992442455763
ダイワボウホールディングス - カナデビア,1.4984946420835787
ダイワボウホールディングス - ニチアス,1.1668263320150982
ダスキン - 船井総研ホールディングス,1.0245906610239834
ツガミ - 牧野フライス製作所,0.7644398920305436
ツルハホールディングス - ニトリホールディングス,0.658623272618087
テクマトリックス - コムチュア,1.8933877270705743
テルモ - セコム,0.7069428454401817
テレビ朝日ホールディングス - ＫＡＤＯＫＡＷＡ,0.9852169269467428
ディスコ - レーザーテック,0.705288435019424
ディスコ - 東京精密,1.8688502036720962
ディップ - アイスタイル,1.3325841827350744
ディー・エヌ・エー - グリーホールディングス,0.574428643256632
デジタルアーツ - サイボウズ,0.24811335618216007
デンカ - カネカ,0.9607213979065479
トクヤマ - ＵＢＥ,0.685345419853948
トヨタ紡織 - アイシン,0.8434165051159085
トヨタ紡織 - 豊田合成,0.7815939929352922
トヨタ自動車 - 本田技研工業,1.4527361573795163
トランス・コスモス - ＮＳＤ,0.559790996221218
トリドールホールディングス - ハイデイ日高,1.0580638078971205
トレンドマイクロ - ＮＴＴデータグループ,0.6317721247440226
トーカロ - エスペック,0.5328109214297377
トーセイ - サンフロンティア不動産,1.0145109026655101
ドトール・日レスホールディングス - カッパ・クリエイト,1.1559374254825436
ドトール・日レスホールディングス - 木曽路,0.7980435741105003
ナブテスコ - ＴＨＫ,0.7375639206955144
ニコン - キヤノン,1.4572868004178157
ニチアス - キッツ,0.8241363715851603
ニチアス - ノーリツ鋼機,0.713832429335783
ニチコン - ＫＯＡ,1.7264688244940856
ニッスイ - マルハニチロ,0.7676554605662178
ニップン - わらべや日洋ホールディングス,0.7159799314104042
ニップン - アース製薬,1.1396435825058797
ニップン - 亀田製菓,1.137944628005629
ニップン - 日清オイリオグループ,1.3404986851037217
ニデック - ローム,0.5726790827324078
ネクセラファーマ - タカラバイオ,0.49603171460248313
ノエビアホールディングス - ヤーマン,0.5364489328691229
ノエビアホールディングス - ＰＡＬＴＡＣ,0.6119208866594243
ノリタケ - ワコム,0.747779191344443
ノリタケ - 伯東,1.6895777321440768
ノーリツ - タカラスタンダード,1.3935452450703907
ノーリツ鋼機 - スクロール,0.5759617196498604
ハウス食品グループ本社 - アリアケジャパン,0.8606604894865352
ハピネット - キヤノンマーケティングジャパン,1.0457468753653139
バンダイナムコホールディングス - コナミグループ,0.8490925845299166
パイオラックス - ＴＰＲ,0.6621353535366341
パイロットコーポレーション - 三菱鉛筆,0.3567034065174585
パソナグループ - パーソルホールディングス,0.6781788722042312
パナソニック　ホールディングス - ソニーグループ,1.6781089569798104
パルグループホールディングス - イズミ,1.0371437742813487
パルグループホールディングス - 良品計画,1.0125150144042017
パン・パシフィック・インターナショナルホールディングス - ヤオコー,0.5765670950951259
パーク２４ - ロイヤルホールディングス,0.8957824229066224
パーソルホールディングス - リログループ,1.4514647052641807
ヒューリック - イオンモール,1.3248983416341706
ヒロセ電機 - ファナック,0.759547363357624
ビックカメラ - モスフードサービス,0.6145083342221137
ピジョン - ユニ・チャーム,0.4570649212191354
ファナック - 日東電工,1.1320031097170777
フジクラ - ＮＴＮ,2.0447001690970543
フジシールインターナショナル - キヤノンマーケティングジャパン,1.7795727794938656
フジ・メディア・ホールディングス - スカパーＪＳＡＴホールディングス,0.34667977630113894
フジ・メディア・ホールディングス - テレビ東京ホールディングス,0.5847111047104222
フジ・メディア・ホールディングス - ＫＡＤＯＫＡＷＡ,1.2748822183141244
フタバ産業 - ミツバ,0.637622913735875
フューチャー - 富士ソフト,2.302797547899934
ブラザー工業 - セイコーエプソン,0.9728327309611216
ブラザー工業 - 東芝テック,0.5107084868406122
ブリヂストン - トヨタ自動車,1.3477969673706265
ブロンコビリー - リンガーハット,0.9906990706646218
ブロンコビリー - 壱番屋,1.0065158466167947
ブロードリーフ - コムチュア,0.8633597722650389
プレステージ・インターナショナル - ＮＳＤ,1.3479516809196945
プレス工業 - エクセディ,0.5112236109956324
ホギメディカル - マニー,0.8230797276067511
ホシザキ - シマノ,0.4139911406568715
ホシデン - ノーリツ鋼機,0.5460466306237935
ホソカワミクロン - 長野計器,0.9930723768677158
マキタ - オムロン,0.30677593623709387
マツキヨココカラ＆カンパニー - アインホールディングス,1.8056895225409972
マツキヨココカラ＆カンパニー - サンドラッグ,0.9733187889982097
マツキヨココカラ＆カンパニー - ツルハホールディングス,1.3108823341240678
マツキヨココカラ＆カンパニー - ニトリホールディングス,0.4049821027623386
マツダ - ＳＵＢＡＲＵ,1.2386472376103206
マニー - 正栄食品工業,1.0733554833884178
マンダム - ノエビアホールディングス,0.7813750980035542
マンダム - ミルボン,0.8944181220495845
マースグループホールディングス - ダイコク電機,1.1287884680729217
ミネベアミツミ - ＴＤＫ,1.408966133534339
ミライト・ワン - エクシオグループ,1.4321083644272432
ミライト・ワン - コムシスホールディングス,1.2348566822059497
ミルボン - ノエビアホールディングス,0.6484058820227053
ミルボン - ヤーマン,2.5325736198396296
ミルボン - ＰＡＬＴＡＣ,1.007211347348031
メガチップス - 新光電気工業,1.4185216924130721
メック - ＰＩＬＬＡＲ,0.4287474820509187
メディパルホールディングス - スズケン,0.8057371683157728
メディパルホールディングス - 東邦ホールディングス,1.5231291919725678
モスフードサービス - 木曽路,0.8570169983737587
ヤクルト本社 - 明治ホールディングス,1.200038678352912
ヤマトホールディングス - ＮＩＰＰＯＮ　ＥＸＰＲＥＳＳホールディングス,0.7888831899444332
ヤマハ - ファーストリテイリング,0.48146195921596885
ユナイテッドアローズ - 丸井グループ,0.6916469367367172
ユナイテッドアローズ - 松屋,0.7511148921330394
ユナイテッドアローズ - 高島屋,0.6845886987731173
ユニプレス - 日本発條,0.876089439237641
ユーグレナ - タカラバイオ,0.7129843216845295
ユーグレナ - ネクセラファーマ,0.6884795626108212
ユー・エス・エス - ホシザキ,0.5777540081570989
ユー・エス・エス - メイテックグループホールディングス,0.9505516244224647
ユー・エス・エス - 光通信,1.776120768315656
ライオン - 小林製薬,0.9457472060812842
ライフコーポレーション - ベルク,0.7211403655754065
ライフコーポレーション - ヤオコー,0.8699996769956372
ラウンドワン - 共立メンテナンス,0.5865796826265213
リゾートトラスト - 共立メンテナンス,1.0102615210713979
リョービ - カヤバ,0.34323945439846415
リョービ - 沖電気工業,1.4537341327820896
リンクアンドモチベーション - シーイーシー,1.4041683343030298
リンテック - 長瀬産業,0.7777218216728178
リンナイ - ホシザキ,0.48817896576755065
ルネサスエレクトロニクス - ローム,0.34285998235040777
レゾナック・ホールディングス - 日本カーボン,0.7530363056035493
レゾナック・ホールディングス - 東海カーボン,0.8190527680770748
レーザーテック - 東京精密,0.2489534367858994
ロイヤルホールディングス - 藤田観光,0.19408659350049912
ロック・フィールド - 正栄食品工業,0.6064102533178941
ロート製薬 - ノエビアホールディングス,0.9122897248331249
ロート製薬 - ミルボン,1.0559916446534487
ワコム - アズビル,0.6789955407446129
ワコールホールディングス - ヨンドシーホールディングス,0.3509086761363723
七十七銀行 - スルガ銀行,0.7384302658210933
七十七銀行 - 八十二銀行,1.3998614612698639
七十七銀行 - 山口フィナンシャルグループ,0.8004581290575448
三井不動産 - ゴールドクレスト,0.5699173191835213
三井不動産 - 三菱地所,0.8690385476621278
三井不動産 - 住友不動産,0.7471517442627751
三井住友トラストグループ - みずほフィナンシャルグループ,0.9369218359872112
三井住友トラストグループ - 三井住友フィナンシャルグループ,1.2900142429557702
三井住友フィナンシャルグループ - みずほフィナンシャルグループ,1.4923759105035692
三井住友建設 - 熊谷組,1.1702961059889312
三井倉庫ホールディングス - 住友倉庫,0.7431079688650012
三井化学 - 三菱ケミカルグループ,1.050458496835921
三井松島ホールディングス - ＥＩＺＯ,1.1943812357599246
三井物産 - 三菱商事,1.3110733583636047
三井金属鉱業 - 住友金属鉱山,0.822844963873407
三井Ｅ＆Ｓ - ＩＨＩ,2.337140991960541
三和ホールディングス - ＬＩＸＩＬ,0.22673785451563572
三洋化成工業 - サカタインクス,0.471761299290498
三洋化成工業 - ａｒｔｉｅｎｃｅ,1.6709285330568098
三浦工業 - 栗田工業,0.8692553930576254
三菱マテリアル - ＤＯＷＡホールディングス,0.6234960837710064
三菱倉庫 - 三井倉庫ホールディングス,0.7523307774824858
三菱倉庫 - 住友倉庫,0.7538808357835006
三菱地所 - ゴールドクレスト,1.0591080976487388
三菱地所 - 住友不動産,0.6197132467055148
三菱総合研究所 - スクロール,1.157602080215694
三菱自動車工業 - マツダ,2.0306299750124794
三菱重工業 - 川崎重工業,0.8421077079663075
三菱重工業 - 新明和工業,0.40906508460553687
三菱重工業 - ＩＨＩ,0.5929528192269817
三菱電機 - 富士電機,0.34456716567941886
三菱食品 - 加藤産業,1.4475627172669023
三菱ＵＦＪフィナンシャル・グループ - みずほフィナンシャルグループ,0.8629438821133842
三菱ＵＦＪフィナンシャル・グループ - りそなホールディングス,0.9589401723553402
三菱ＵＦＪフィナンシャル・グループ - 三井住友トラストグループ,0.9220428641757297
三菱ＵＦＪフィナンシャル・グループ - 三井住友フィナンシャルグループ,1.0424370650683032
三越伊勢丹ホールディングス - エイチ・ツー・オー　リテイリング,0.6982022950489524
三越伊勢丹ホールディングス - ユナイテッドアローズ,1.3007074209499216
三越伊勢丹ホールディングス - 丸井グループ,1.1421419222473008
三越伊勢丹ホールディングス - 松屋,2.4892787595841073
三越伊勢丹ホールディングス - 高島屋,1.0718348027527531
不二製油 - ハウス食品グループ本社,0.6482815147289942
不二越 - スター精密,1.0970513725658195
不二越 - タムラ製作所,0.7282889894921718
世紀東急工業 - 宮地エンジニアリンググループ,0.5052854508466366
中山製鋼所 - 淀川製鋼所,1.2905285806677442
中山製鋼所 - 長瀬産業,0.9631183282493293
中部電力 - 中国電力,1.1182141457685295
中電工 - 三機工業,0.9668572623440371
丸一鋼管 - パラマウントベッドホールディングス,1.707538421591373
丸三証券 - 極東証券,0.6356809068661304
丸紅 - 岩谷産業,2.269906813847986
乃村工藝社 - 丹青社,0.9086005328673142
久光製薬 - ツムラ,0.9824290101741296
久光製薬 - 持田製薬,0.7723040022984612
九州フィナンシャルグループ - 滋賀銀行,1.1610264524168519
亀田製菓 - わらべや日洋ホールディングス,1.4916788438204458
五洋建設 - ライト工業,1.4890526164008708
京成電鉄 - 日本空港ビルデング,2.297310519823476
京浜急行電鉄 - 京阪ホールディングス,0.9337312322352328
京都フィナンシャルグループ - 任天堂,1.0415152685550213
伊藤園 - カゴメ,0.5764962943434496
伊藤忠商事 - 丸紅,0.9284506149428313
伊藤忠商事 - 住友商事,1.2218741992872242
伊藤忠商事 - 岩谷産業,1.834328652872101
伯東 - グローブライド,1.203674966051089
伯東 - 加賀電子,0.610319777587845
住友ファーマ - 大塚ホールディングス,0.39735679941445484
住友ファーマ - 第一三共,0.8277353714475421
住友不動産 - ゴールドクレスト,0.27263850463662725
住友倉庫 - 上組,0.674282119465872
住友化学 - トクヤマ,0.9381231327885019
住友化学 - ＵＢＥ,0.8242150521565689
住友大阪セメント - 太平洋セメント,0.45413941452493595
住友林業 - 積水化学工業,0.9502101452098402
住友理工 - 愛三工業,0.6733512832209914
住友精化 - 太陽ホールディングス,0.8539551288728456
住友電気工業 - デンソー,1.164090634370821
住友電気工業 - ＮＯＫ,0.8874540698661781
住友電設 - 大氣社,0.8436922250505072
住石ホールディングス - 日本冶金工業,0.056913464330789934
信越化学工業 - 日東電工,1.0184164497586616
信越化学工業 - 東京応化工業,2.3821331666258967
全国保証 - 三菱ＨＣキャピタル,0.994018549902451
全国保証 - 東京センチュリー,1.1213271352729421
共英製鋼 - 大和工業,1.5999973591572276
出光興産 - コスモエネルギーホールディングス,0.48401153859619284
出光興産 - ＥＮＥＯＳホールディングス,0.5403355190287193
北陸電力 - 東北電力,0.5620897472140426
北陸電力 - 沖縄電力,0.4910663410836397
北陸電力 - 電源開発,0.5265343384138589
千葉銀行 - ふくおかフィナンシャルグループ,1.0974155517179949
協和キリン - 塩野義製薬,1.0489470675912331
南都銀行 - 京葉銀行,1.0313163581872886
博報堂ＤＹホールディングス - ゴールドウイン,0.3502917137974183
博報堂ＤＹホールディングス - 電通グループ,2.0865154004029267
双日 - 兼松,1.5762441301882675
古河電気工業 - シャープ,0.996308119159213
古河電気工業 - フジクラ,0.9933308171564145
古河電気工業 - ＮＴＮ,1.682572818709537
合同製鐵 - 新日本電工,0.4786741292739074
品川リフラクトリーズ - 黒崎播磨,0.8239903594056869
商船三井 - 川崎汽船,1.5695342534928003
四国電力 - 北海道電力,1.318816295365613
堀場製作所 - 東京精密,0.8237391181464737
堺化学工業 - 伯東,2.280213687623344
塩野義製薬 - エーザイ,0.6534729116271686
塩野義製薬 - 中外製薬,0.7981414791835512
壱番屋 - リンガーハット,0.9168634542050617
大同特殊鋼 - ＵＡＣＪ,0.9908042207506437
大和ハウス工業 - 積水ハウス,0.6688052128357458
大和証券グループ本社 - 松井証券,1.3242836378603344
大和証券グループ本社 - 野村ホールディングス,0.9400907968724249
大垣共立銀行 - トモニホールディングス,0.9501742959704411
大垣共立銀行 - 南都銀行,0.6348859647979722
大成建設 - 鹿島建設,0.904238743554708
大東建託 - 大和ハウス工業,1.1865272933839497
大東建託 - 積水ハウス,0.5793606784863251
大林組 - 清水建設,1.4406698202664723
大王製紙 - レンゴー,1.9589069931311687
大阪ソーダ - 松田産業,2.626036782316415
大阪ソーダ - 積水樹脂,2.5794718816517332
大阪チタニウムテクノロジーズ - 東邦チタニウム,4.044353545695101
大阪有機化学工業 - バルカー,0.9973394560039759
大阪瓦斯 - 東邦瓦斯,1.3987314261657526
大阪瓦斯 - 静岡ガス,0.7932927609608111
大黒天物産 - アークス,0.7383759442282068
大黒天物産 - バローホールディングス,0.6442765520514507
太陽ホールディングス - フジミインコーポレーテッド,0.5017746250052534
太陽ホールディングス - リンテック,0.6662053190091837
太陽ホールディングス - 東京計器,0.7776407735847283
太陽誘電 - 村田製作所,0.6276930681689249
奥村組 - 九電工,1.1479770616969494
奥村組 - 戸田建設,0.9394347713339182
奥村組 - 東鉄工業,1.0053341858565144
安川電機 - オムロン,1.4942755532315883
安川電機 - 三井ハイテック,0.8470230193252201
安藤・間 - 西松建設,0.7973547967326872
宝ホールディングス - 日本たばこ産業,0.7971179991727111
富士フイルムホールディングス - ダイキン工業,0.555747730679227
富士急行 - 阪急阪神ホールディングス,0.984096188120805
小松製作所 - 日立建機,0.5088230298114444
小田急電鉄 - 京王電鉄,0.9106577284275592
小糸製作所 - ニフコ,0.3076202783303881
小野薬品工業 - 参天製薬,0.5586778384294782
山九 - 上組,1.2216627128671187
山崎製パン - キユーピー,0.8067992075036768
山洋電気 - 三井ハイテック,0.20392253416732314
山陰合同銀行 - 山口フィナンシャルグループ,0.5059008104036921
岡三証券グループ - 東海東京フィナンシャル・ホールディングス,1.2372667787674523
島精機製作所 - タダノ,0.47392707442423493
島精機製作所 - 日機装,0.454883234380421
川崎重工業 - 新明和工業,2.468340899397231
川崎重工業 - ＩＨＩ,0.5105352543764045
帝人 - クラレ,0.6667336059473746
帝人 - 三井化学,1.4112446218878618
帝人 - 三菱ケミカルグループ,2.4766669627356936
帝人 - 旭化成,1.1284308577882314
平和 - セガサミーホールディングス,0.9226043920090925
平和 - ＳＡＮＫＹＯ,0.5907313076579315
平和不動産 - レオパレス２１,0.8254737714076986
平和不動産 - 東京都競馬,1.6198610618085119
平和堂 - フジ,1.2527047452229263
戸田建設 - インフロニア・ホールディングス,0.7584908313223231
戸田建設 - 九電工,1.2373595355102975
持田製薬 - ツムラ,0.9500141398308192
日揮ホールディングス - 三井海洋開発,0.8227765721912715
日本オラクル - オービックビジネスコンサルタント,0.6843480394280983
日本オラクル - 大塚商会,0.8567134937717424
日本テレビホールディングス - テレビ東京ホールディングス,1.1419669191069333
日本テレビホールディングス - ＫＡＤＯＫＡＷＡ,2.029649451247293
日本ハム - キッコーマン,0.6195542594717759
日本ペイントホールディングス - 関西ペイント,0.7396592081739068
日本冶金工業 - 日本軽金属ホールディングス,0.5621751923740257
日本化薬 - 東洋製罐グループホールディングス,0.6436945233487974
日本取引所グループ - マネックスグループ,0.8755262135494956
日本新薬 - 参天製薬,0.4774825972588239
日本新薬 - 小野薬品工業,0.8503358842133539
日本板硝子 - ＪＶＣケンウッド,0.5598969934200451
日本毛織 - 文化シヤッター,0.9516131865177528
日本毛織 - 長谷川香料,0.7681484768350182
日本特殊陶業 - マブチモーター,1.19414208920189
日本特殊陶業 - 豊田自動織機,1.285462853554683
日本碍子 - ジェイテクト,0.6424663877468052
日本碍子 - ジーエス・ユアサ　コーポレーション,0.4126985284886323
日本碍子 - トプコン,1.4787781778131195
日本精工 - シチズン時計,1.2039317139737413
日本精工 - ジェイテクト,1.3358370955987242
日本航空 - ＡＮＡホールディングス,0.9822620016884333
日本製紙 - 北越コーポレーション,0.9899161808308146
日本製鉄 - 神戸製鋼所,1.5575835212643803
日本製鉄 - ＪＦＥホールディングス,0.624713146583977
日本製鋼所 - オークマ,0.9860480579439236
日本触媒 - ダイセル,0.7809223331143368
日本証券金融 - 三菱ＨＣキャピタル,1.157681333366359
日本道路 - 横河ブリッジホールディングス,1.0754865031316827
日本郵船 - 商船三井,0.6593738166083367
日本電信電話 - ＫＤＤＩ,0.6900260047490177
日本電子 - 太陽誘電,0.6396360620997347
日本電気 - 富士通,0.5462985968173104
日本駐車場開発 - 因幡電機産業,0.6112548092105977
日本Ｍ＆Ａセンターホールディングス - パーソルホールディングス,0.46724948204840977
日東工業 - 図研,1.4199938557663367
日東紡績 - 日本曹達,2.727076782123004
日東紡績 - 明電舎,1.7219210292875078
日清紡ホールディングス - 日本碍子,0.5728420328367212
日清製粉グループ本社 - キッコーマン,0.6672879486209589
日清製粉グループ本社 - 日本ハム,0.6468056875737533
日清食品ホールディングス - 日本光電工業,0.2615800392852561
日産化学 - 日本化薬,0.6393882144627672
日産化学 - 東洋製罐グループホールディングス,0.2798523114707921
日産自動車 - 三菱自動車工業,0.7685659863203812
日立製作所 - 三菱電機,1.5768954944008355
日精エー・エス・ビー機械 - エスペック,2.122894438020271
日置電機 - 信越ポリマー,1.1122800583034613
日置電機 - ＳＨＯＥＩ,0.8592950880505263
日野自動車 - スズキ,0.9773371703124017
日鉄ソリューションズ - ＢＩＰＲＯＧＹ,0.9412300360842579
日鉄鉱業 - ダイワボウホールディングス,2.011424720176254
日鉄鉱業 - 淀川製鋼所,0.7982177449370638
日鉄鉱業 - ＪＣＵ,2.3789667891284125
旭化成 - 三井化学,0.5676903435511239
旭化成 - 三菱ケミカルグループ,1.170124819830738
旭有機材 - ホソカワミクロン,0.672617306128967
明治ホールディングス - ニチレイ,1.3776951517934877
明治ホールディングス - 味の素,1.142991977303787
有沢製作所 - 旭ダイヤモンド工業,0.9045130572398384
有沢製作所 - Ａ＆Ｄホロンホールディングス,1.2062444420997875
木曽路 - Ｇｅｎｋｉ　Ｇｌｏｂａｌ　Ｄｉｎｉｎｇ　Ｃｏｎｃｅｐｔｓ,1.5991016099081856
本田技研工業 - ヤマハ発動機,1.221790474566574
東ソー - 三井化学,0.8913511747133371
東ソー - 三菱瓦斯化学,1.0486892626179232
東プレ - タチエス,1.3547232383497412
東レ - 住友化学,0.45241361880184006
東レ - ＵＢＥ,0.9914764468881847
東亜建設工業 - ライト工業,0.55139648833155
東亜建設工業 - 東洋建設,0.6478122088686673
東京エレクトロン　デバイス - 大阪有機化学工業,0.9454516855736008
東京センチュリー - オリックス,0.8926199263175906
東京センチュリー - 三菱ＨＣキャピタル,0.7826563231620708
東京センチュリー - 日本証券金融,0.4601677066905821
東京応化工業 - 住友ベークライト,1.1080049081704033
東京応化工業 - 日東電工,2.388116430820929
東京瓦斯 - 大阪瓦斯,1.9626038384747326
東京瓦斯 - 東邦瓦斯,0.7497843649323701
東京瓦斯 - 静岡ガス,0.8612707617538753
東京製鐵 - 大同特殊鋼,0.4014294230952847
東京製鐵 - 大和工業,0.6694277905617108
東京製鐵 - 愛知製鋼,0.4803551180159857
東京鐵鋼 - 稲畑産業,0.2866166994010612
東京電力ホールディングス - 電源開発,0.6937185414445812
東和薬品 - サワイグループホールディングス,2.017331676443545
東宝 - 東映,1.1191495143113275
東建コーポレーション - サンゲツ,0.8280052005433911
東急 - 京成電鉄,0.730410490751192
東急不動産ホールディングス - イオンモール,1.070892825564071
東急不動産ホールディングス - 東京建物,1.02368117843423
東急建設 - 熊谷組,1.4759259347941418
東日本旅客鉄道 - 東海旅客鉄道,0.9569894781629559
東日本旅客鉄道 - 西日本旅客鉄道,0.8285881976312665
東武鉄道 - 京王電鉄,0.9494827916010372
東武鉄道 - 名古屋鉄道,0.7207512454570647
東洋水産 - 日本光電工業,0.6521053728639123
東洋水産 - 日清食品ホールディングス,2.5147020246699987
東洋炭素 - ホシデン,0.9410371215338383
東洋紡 - 石原産業,1.5848786977152
東海カーボン - 日本カーボン,0.9293177176124626
東海理化電機製作所 - エフ・シー・シー,1.1128542053303723
東海理化電機製作所 - テイ・エス　テック,0.9021273838877438
東邦ホールディングス - スズケン,0.9927764979135119
東邦瓦斯 - 静岡ガス,0.555192900068367
東邦銀行 - 南都銀行,1.284265931706018
東邦銀行 - 阿波銀行,1.3012001633664427
東鉄工業 - 戸田建設,1.224259249835145
松井証券 - 日本取引所グループ,1.7609285115858642
松屋 - 丸井グループ,1.0443252264773424
松竹 - 東映,1.0783625800356917
栄研化学 - 栗田工業,1.4567993109251927
栗田工業 - 前田工繊,0.676643101496594
栗田工業 - 富士通ゼネラル,2.075745957567797
森永乳業 - 雪印メグミルク,0.7396469717322401
森永製菓 - 江崎グリコ,1.0276612812494623
極東開発工業 - 山善,0.7335530207170416
極東開発工業 - 理研計器,0.4715030579512131
横河電機 - 豊田通商,1.1685150709294128
横河電機 - ＮＩＳＳＨＡ,0.8953914916989729
横浜ゴム - ＴＯＹＯ　ＴＩＲＥ,0.6940626160671025
武田薬品工業 - アステラス製薬,0.9443676448474532
武蔵精密工業 - エフ・シー・シー,0.5876692302620746
武蔵野銀行 - 千葉興業銀行,0.49484920048998277
武蔵野銀行 - 池田泉州ホールディングス,1.016498445538196
江崎グリコ - カルビー,0.9699715160150512
江崎グリコ - 山崎製パン,1.0731477947226276
浜松ホトニクス - 島津製作所,0.9840686686109164
淀川製鋼所 - キッツ,0.8819752095673479
淀川製鋼所 - 稲畑産業,0.43304368683440125
淀川製鋼所 - 長瀬産業,0.4507142167770285
淺沼組 - 世紀東急工業,0.5161743937427586
淺沼組 - 宮地エンジニアリンググループ,1.264324444960794
牧野フライス製作所 - ＤＭＧ森精機,0.5410833568351561
物語コーポレーション - トリドールホールディングス,0.6631071692188583
物語コーポレーション - ロイヤルホールディングス,0.9420143057435713
王子ホールディングス - 日本製紙,1.2194564743192025
理研計器 - 山善,1.6668689200607354
百五銀行 - 名古屋銀行,1.2893390694971694
百十四銀行 - トモニホールディングス,1.2625499427140905
相鉄ホールディングス - 南海電気鉄道,1.28311140185113
相鉄ホールディングス - 西日本鉄道,1.1274896919280182
相鉄ホールディングス - 鴻池運輸,1.1594823663937157
石原産業 - 有沢製作所,0.5283826028048818
神戸製鋼所 - ＪＦＥホールディングス,1.7110922990224189
福山通運 - セイノーホールディングス,1.0409039287771713
科研製薬 - キッセイ薬品工業,0.48618923308865863
科研製薬 - 杏林製薬,1.1545623293042218
積水化学工業 - 三和ホールディングス,2.43123713149019
積水樹脂 - 三ツ星ベルト,1.7094732073885326
積水樹脂 - 上新電機,0.8339289390659753
第一生命ホールディングス - Ｔ＆Ｄホールディングス,1.1494206275196823
綜合警備保障 - セコム,0.7242241844207898
群馬銀行 - スルガ銀行,0.808956032883813
群馬銀行 - 七十七銀行,1.156602563669186
群馬銀行 - 北洋銀行,1.4617592657858238
良品計画 - イズミ,1.0559229213553754
芙蓉総合リース - みずほリース,1.045121887861445
芙蓉総合リース - リコーリース,1.825935305443959
芝浦メカトロニクス - ヨコオ,3.626264134363169
芝浦機械 - ソディック,0.7246134627977996
芝浦機械 - ＤＭＧ森精機,1.717473971080379
花王 - ピジョン,1.1709573115824612
花王 - ユニ・チャーム,1.236059274877002
西日本旅客鉄道 - 東海旅客鉄道,1.0929023007312053
西松屋チェーン - しまむら,1.0112605504869323
豊田自動織機 - トヨタ自動車,0.6009372863943305
豊田通商 - 住友商事,0.9661631599951027
資生堂 - コーセー,0.9962046400916544
資生堂 - ポーラ・オルビスホールディングス,0.859498384381554
近鉄グループホールディングス - 京阪ホールディングス,1.134399656873196
近鉄グループホールディングス - 阪急阪神ホールディングス,1.1521796031960951
酉島製作所 - キッツ,0.7885312070753977
酉島製作所 - キヤノンマーケティングジャパン,1.7471968724249967
酉島製作所 - トラスコ中山,0.7003086445922052
野村ホールディングス - 松井証券,2.053086990369646
野村不動産ホールディングス - 平和不動産,1.0180997397575056
野村総合研究所 - アニコム　ホールディングス,1.6877638337885987
野村総合研究所 - オービック,0.7011158448098733
野村総合研究所 - 大塚商会,0.617253903061969
長谷工コーポレーション - 大和ハウス工業,0.7464318974167087
長谷工コーポレーション - 大東建託,0.909777384146013
長谷工コーポレーション - 積水ハウス,0.9787339367600915
長谷工コーポレーション - 飯田グループホールディングス,1.0765535904143118
関東電化工業 - デンカ,1.1959464550555292
関西電力 - 九州電力,1.0355084761891418
関電工 - きんでん,0.858532181308723
高島屋 - エイチ・ツー・オー　リテイリング,1.382764934427324
高島屋 - 丸井グループ,0.9309033759943501
高島屋 - 松屋,0.7833796342764948
高砂熱学工業 - 大氣社,1.5379159769973474
ＡＤＥＫＡ - カナモト,0.6777794962127853
ＡＤＥＫＡ - サカタインクス,1.3714542099321603
ＡＧＣ - 日本電気硝子,0.8783363933919996
ＡＯＫＩホールディングス - 青山商事,1.098356282384537
ＡＲＥホールディングス - 松田産業,0.6042066286430343
ＣＫＤ - ミスミグループ本社,1.3331475234932928
ＤＣＭホールディングス - アークランズ,0.8885001310381572
ＤＣＭホールディングス - コメリ,0.6224986279927405
ＤＣＭホールディングス - コーナン商事,0.9482362636388387
ＤＭＧ森精機 - ソディック,2.695170559669411
ＤＴＳ - ＮＳＤ,0.8043797998087582
ＥＮＥＯＳホールディングス - コスモエネルギーホールディングス,0.7711958830160562
ＦＰＧ - みずほリース,1.031767043758702
ＦＰＧ - イオンフィナンシャルサービス,0.6905254929866856
ＦＰＧ - クレディセゾン,0.6767614127678567
ＦＰＧ - リコーリース,1.4364949824903697
ＦＰＧ - 芙蓉総合リース,0.7231608258326448
ＧＭＯペイメントゲートウェイ - ＧＭＯインターネットグループ,0.43681392878971764
Ｈ．Ｕ．グループホールディングス - ビー・エム・エル,0.9828755417991151
ＩＤＯＭ - 稲畑産業,0.7332082920104925
ＩＨＩ - 新明和工業,1.3227250865952733
ＩＮＰＥＸ - 石油資源開発,0.8894628549195835
Ｊ．フロント　リテイリング - エイチ・ツー・オー　リテイリング,1.1031811292140021
Ｊ．フロント　リテイリング - ユナイテッドアローズ,0.6251379659939297
Ｊ．フロント　リテイリング - 三越伊勢丹ホールディングス,1.65957756941996
Ｊ．フロント　リテイリング - 丸井グループ,0.8005187742833962
Ｊ．フロント　リテイリング - 松屋,1.2903331413740713
Ｊ．フロント　リテイリング - 高島屋,0.9664099204805492
ＪＰホールディングス - コジマ,0.46059503713868283
ＪＶＣケンウッド - カヤバ,0.3970695384818384
ＪＶＣケンウッド - スター精密,1.1520223235295994
ＭＡＲＵＷＡ - ニデック,3.520037342616773
ＭＩＲＡＲＴＨホールディングス - サンフロンティア不動産,1.0621564657193419
ＭＩＲＡＲＴＨホールディングス - トーセイ,1.1041116472277461
ＭＩＸＩ - サイバーエージェント,1.0303692763286658
ＭＳ＆ＡＤインシュアランスグループホールディングス - 東京海上ホールディングス,0.9633258666666772
ＭｏｎｏｔａＲＯ - ＧＭＯインターネットグループ,0.6521714393099018
ＭｏｎｏｔａＲＯ - ＺＯＺＯ,0.4932722548074384
ＮＳユナイテッド海運 - 飯野海運,0.8325237110653977
ＮＴＴデータグループ - コナミグループ,0.5923594774660507
ＰＩＬＬＡＲ - ワコム,0.6727489798268286
ＰＩＬＬＡＲ - ＩＤＥＣ,0.5739775442838556
Ｓ　Ｆｏｏｄｓ - ダイドーグループホールディングス,0.330168780030462
ＳＡＮＫＹＯ - セガサミーホールディングス,0.4846822842354044
ＳＢＩホールディングス - ジャフコ　グループ,0.4001066981305639
ＳＢＳホールディングス - あい　ホールディングス,1.208418378549155
ＳＢＳホールディングス - ニッコンホールディングス,2.264798014581117
ＳＣＲＥＥＮホールディングス - 東京エレクトロン,0.4539794780589222
ＳＭＣ - ダイフク,1.5270068840624536
ＳＭＣ - ミスミグループ本社,0.8806940742309598
ＳＭＣ - ＣＫＤ,0.7756942596015042
ＳＯＭＰＯホールディングス - 東京海上ホールディングス,1.0031895747088693
ＳＯＭＰＯホールディングス - ＭＳ＆ＡＤインシュアランスグループホールディングス,0.8205766111795683
ＳＵＭＣＯ - ディスコ,3.461063092699891
ＳＵＭＣＯ - レーザーテック,1.1340994519895093
ＳＷＣＣ - ユアサ商事,0.5946057529706564
ＴＢＳホールディングス - テレビ朝日ホールディングス,1.9810364567525027
ＴＢＳホールディングス - 日本テレビホールディングス,1.606970979222619
ＴＢＳホールディングス - ＫＡＤＯＫＡＷＡ,0.6746566689854827
ＴＤＫ - 太陽誘電,0.8298536313147342
ＴＩＳ - ＳＣＳＫ,0.7916489493881873
ＴＫＣ - 因幡電機産業,0.9694984548877283
ＴＯＫＡＩホールディングス - ダスキン,0.7431890427371844
ＴＯＰＰＡＮホールディングス - 内田洋行,0.5037014990354866
ＴＯＰＰＡＮホールディングス - 大日本印刷,0.813801800504923
ＴＯＴＯ - オリンパス,0.29299040889520755
ＴＯＴＯ - ダイキン工業,0.8678853899598715
ＴＯＷＡ - アルバック,1.6813292217205793
ＴＯＷＡ - 芝浦メカトロニクス,1.2217948115759696
ＴＯＹＯ　ＴＩＲＥ - 住友ゴム工業,1.3949570524493422
ＴＰＲ - イーグル工業,0.9493597651609176
ＴＰＲ - ミツバ,0.4928746866050165
ＴＰＲ - 太平洋工業,0.7785179300851637
ＴＳＩホールディングス - オンワードホールディングス,0.3960116646203834
ａｒｔｉｅｎｃｅ - ユニオンツール,0.6064579929374708
